Time,Flow
2018-06-01 00:05,63.0
2018-06-01 00:20,54.0
2018-06-01 00:35,48.0
2018-06-01 00:50,41.0
2018-06-01 01:05,40.0
2018-06-01 01:20,41.0
2018-06-01 01:35,35.0
2018-06-01 01:50,38.0
2018-06-01 02:05,48.0
2018-06-01 02:20,75.0
2018-06-01 02:35,92.0
2018-06-01 02:50,104.0
2018-06-01 03:05,103.0
2018-06-01 03:20,107.0
2018-06-01 03:35,114.0
2018-06-01 03:50,89.0
2018-06-01 04:05,108.0
2018-06-01 04:20,128.0
2018-06-01 04:35,148.0
2018-06-01 04:50,205.0
2018-06-01 05:05,265.0
2018-06-01 05:20,281.0
2018-06-01 05:35,271.0
2018-06-01 05:50,283.0
2018-06-01 06:05,295.0
2018-06-01 06:20,302.0
2018-06-01 06:35,292.0
2018-06-01 06:50,296.0
2018-06-01 07:05,287.0
2018-06-01 07:20,340.0
2018-06-01 07:35,378.0
2018-06-01 07:50,369.0
2018-06-01 08:05,369.0
2018-06-01 08:20,369.0
2018-06-01 08:35,369.0
2018-06-01 08:50,369.0
2018-06-01 09:05,369.0
2018-06-01 09:20,369.0
2018-06-01 09:35,369.0
2018-06-01 09:50,369.0
2018-06-01 10:05,369.0
2018-06-01 10:20,369.0
2018-06-01 10:35,369.0
2018-06-01 10:50,369.0
2018-06-01 11:05,369.0
2018-06-01 11:20,369.0
2018-06-01 11:35,369.0
2018-06-01 11:50,369.0
2018-06-01 12:05,369.0
2018-06-01 12:20,369.0
2018-06-01 12:35,369.0
2018-06-01 12:50,369.0
2018-06-01 13:05,369.0
2018-06-01 13:20,369.0
2018-06-01 13:35,369.0
2018-06-01 13:50,292.0
2018-06-01 14:05,349.0
2018-06-01 14:20,380.0
2018-06-01 14:35,384.0
2018-06-01 14:50,326.0
2018-06-01 15:05,316.0
2018-06-01 15:20,343.0
2018-06-01 15:35,356.0
2018-06-01 15:50,383.0
2018-06-01 16:05,390.0
2018-06-01 16:20,351.0
2018-06-01 16:35,357.0
2018-06-01 16:50,334.0
2018-06-01 17:05,343.0
2018-06-01 17:20,332.0
2018-06-01 17:35,336.0
2018-06-01 17:50,335.0
2018-06-01 18:05,326.0
2018-06-01 18:20,298.0
2018-06-01 18:35,284.0
2018-06-01 18:50,264.0
2018-06-01 19:05,264.0
2018-06-01 19:20,264.0
2018-06-01 19:35,239.0
2018-06-01 19:50,272.0
2018-06-01 20:05,256.0
2018-06-01 20:20,255.0
2018-06-01 20:35,248.0
2018-06-01 20:50,240.0
2018-06-01 21:05,251.0
2018-06-01 21:20,206.0
2018-06-01 21:35,181.0
2018-06-01 21:50,128.0
2018-06-01 22:05,116.0
2018-06-01 22:20,116.0
2018-06-01 22:35,116.0
2018-06-01 22:50,116.0
2018-06-01 23:05,116.0
2018-06-01 23:20,116.0
2018-06-01 23:35,75.0
2018-06-01 23:50,52.0
2018-06-02 00:05,59.0
2018-06-02 00:20,42.0
2018-06-02 00:35,39.0
2018-06-02 00:50,34.0
2018-06-02 01:05,29.0
2018-06-02 01:20,31.0
2018-06-02 01:35,37.0
2018-06-02 01:50,27.0
2018-06-02 02:05,26.0
2018-06-02 02:20,34.0
2018-06-02 02:35,45.0
2018-06-02 02:50,53.0
2018-06-02 03:05,62.0
2018-06-02 03:20,77.0
2018-06-02 03:35,84.0
2018-06-02 03:50,82.0
2018-06-02 04:05,104.0
2018-06-02 04:20,156.0
2018-06-02 04:35,159.0
2018-06-02 04:50,194.0
2018-06-02 05:05,242.0
2018-06-02 05:20,284.0
2018-06-02 05:35,329.0
2018-06-02 05:50,323.0
2018-06-02 06:05,299.0
2018-06-02 06:20,278.0
2018-06-02 06:35,261.0
2018-06-02 06:50,288.0
2018-06-02 07:05,305.0
2018-06-02 07:20,350.0
2018-06-02 07:35,349.0
2018-06-02 07:50,369.0
2018-06-02 08:05,395.0
2018-06-02 08:20,392.0
2018-06-02 08:35,393.0
2018-06-02 08:50,412.0
2018-06-02 09:05,438.0
2018-06-02 09:20,442.0
2018-06-02 09:35,463.0
2018-06-02 09:50,469.0
2018-06-02 10:05,502.0
2018-06-02 10:20,451.0
2018-06-02 10:35,458.0
2018-06-02 10:50,435.0
2018-06-02 11:05,427.0
2018-06-02 11:20,423.0
2018-06-02 11:35,438.0
2018-06-02 11:50,398.0
2018-06-02 12:05,385.0
2018-06-02 12:20,425.0
2018-06-02 12:35,390.0
2018-06-02 12:50,430.0
2018-06-02 13:05,425.0
2018-06-02 13:20,432.0
2018-06-02 13:35,416.0
2018-06-02 13:50,420.0
2018-06-02 14:05,434.0
2018-06-02 14:20,406.0
2018-06-02 14:35,410.0
2018-06-02 14:50,435.0
2018-06-02 15:05,388.0
2018-06-02 15:20,381.0
2018-06-02 15:35,374.0
2018-06-02 15:50,392.0
2018-06-02 16:05,374.0
2018-06-02 16:20,350.0
2018-06-02 16:35,360.0
2018-06-02 16:50,343.0
2018-06-02 17:05,327.0
2018-06-02 17:20,300.0
2018-06-02 17:35,276.0
2018-06-02 17:50,285.0
2018-06-02 18:05,295.0
2018-06-02 18:20,261.0
2018-06-02 18:35,243.0
2018-06-02 18:50,242.0
2018-06-02 19:05,241.0
2018-06-02 19:20,233.0
2018-06-02 19:35,235.0
2018-06-02 19:50,213.0
2018-06-02 20:05,233.0
2018-06-02 20:20,228.0
2018-06-02 20:35,214.0
2018-06-02 20:50,214.0
2018-06-02 21:05,178.0
2018-06-02 21:20,128.0
2018-06-02 21:35,106.0
2018-06-02 21:50,115.0
2018-06-02 22:05,100.0
2018-06-02 22:20,90.0
2018-06-02 22:35,86.0
2018-06-02 22:50,93.0
2018-06-02 23:05,92.0
2018-06-02 23:20,81.0
2018-06-02 23:35,67.0
2018-06-02 23:50,65.0
2018-06-03 00:05,57.0
2018-06-03 00:20,51.0
2018-06-03 00:35,38.0
2018-06-03 00:50,43.0
2018-06-03 01:05,38.0
2018-06-03 01:20,32.0
2018-06-03 01:35,27.0
2018-06-03 01:50,26.0
2018-06-03 02:05,26.0
2018-06-03 02:20,31.0
2018-06-03 02:35,49.0
2018-06-03 02:50,58.0
2018-06-03 03:05,63.0
2018-06-03 03:20,80.0
2018-06-03 03:35,77.0
2018-06-03 03:50,93.0
2018-06-03 04:05,98.0
2018-06-03 04:20,134.0
2018-06-03 04:35,153.0
2018-06-03 04:50,184.0
2018-06-03 05:05,231.0
2018-06-03 05:20,278.0
2018-06-03 05:35,282.0
2018-06-03 05:50,283.0
2018-06-03 06:05,273.0
2018-06-03 06:20,269.0
2018-06-03 06:35,262.0
2018-06-03 06:50,263.0
2018-06-03 07:05,279.0
2018-06-03 07:20,311.0
2018-06-03 07:35,336.0
2018-06-03 07:50,347.0
2018-06-03 08:05,392.0
2018-06-03 08:20,422.0
2018-06-03 08:35,421.0
2018-06-03 08:50,459.0
2018-06-03 09:05,519.0
2018-06-03 09:20,549.0
2018-06-03 09:35,541.0
2018-06-03 09:50,558.0
2018-06-03 10:05,554.0
2018-06-03 10:20,549.0
2018-06-03 10:35,538.0
2018-06-03 10:50,531.0
2018-06-03 11:05,549.0
2018-06-03 11:20,533.0
2018-06-03 11:35,530.0
2018-06-03 11:50,537.0
2018-06-03 12:05,553.0
2018-06-03 12:20,592.0
2018-06-03 12:35,594.0
2018-06-03 12:50,616.0
2018-06-03 13:05,618.0
2018-06-03 13:20,562.0
2018-06-03 13:35,544.0
2018-06-03 13:50,573.0
2018-06-03 14:05,565.0
2018-06-03 14:20,527.0
2018-06-03 14:35,514.0
2018-06-03 14:50,548.0
2018-06-03 15:05,511.0
2018-06-03 15:20,497.0
2018-06-03 15:35,144.0
2018-06-03 15:50,144.0
2018-06-03 16:05,144.0
2018-06-03 16:20,144.0
2018-06-03 16:35,417.0
2018-06-03 16:50,432.0
2018-06-03 17:05,414.0
2018-06-03 17:20,435.0
2018-06-03 17:35,416.0
2018-06-03 17:50,386.0
2018-06-03 18:05,358.0
2018-06-03 18:20,316.0
2018-06-03 18:35,314.0
2018-06-03 18:50,311.0
2018-06-03 19:05,317.0
2018-06-03 19:20,335.0
2018-06-03 19:35,324.0
2018-06-03 19:50,308.0
2018-06-03 20:05,298.0
2018-06-03 20:20,286.0
2018-06-03 20:35,264.0
2018-06-03 20:50,247.0
2018-06-03 21:05,183.0
2018-06-03 21:20,157.0
2018-06-03 21:35,144.0
2018-06-03 21:50,129.0
2018-06-03 22:05,118.0
2018-06-03 22:20,97.0
2018-06-03 22:35,81.0
2018-06-03 22:50,85.0
2018-06-03 23:05,77.0
2018-06-03 23:20,69.0
2018-06-03 23:35,64.0
2018-06-03 23:50,66.0
2018-06-04 00:05,62.0
2018-06-04 00:20,66.0
2018-06-04 00:35,68.0
2018-06-04 00:50,62.0
2018-06-04 01:05,51.0
2018-06-04 01:20,40.0
2018-06-04 01:35,40.0
2018-06-04 01:50,39.0
2018-06-04 02:05,40.0
2018-06-04 02:20,54.0
2018-06-04 02:35,62.0
2018-06-04 02:50,60.0
2018-06-04 03:05,57.0
2018-06-04 03:20,77.0
2018-06-04 03:35,81.0
2018-06-04 03:50,75.0
2018-06-04 04:05,108.0
2018-06-04 04:20,146.0
2018-06-04 04:35,204.0
2018-06-04 04:50,247.0
2018-06-04 05:05,312.0
2018-06-04 05:20,328.0
2018-06-04 05:35,341.0
2018-06-04 05:50,354.0
2018-06-04 06:05,358.0
2018-06-04 06:20,353.0
2018-06-04 06:35,352.0
2018-06-04 06:50,370.0
2018-06-04 07:05,398.0
2018-06-04 07:20,382.0
2018-06-04 07:35,423.0
2018-06-04 07:50,466.0
2018-06-04 08:05,439.0
2018-06-04 08:20,414.0
2018-06-04 08:35,479.0
2018-06-04 08:50,456.0
2018-06-04 09:05,508.0
2018-06-04 09:20,476.0
2018-06-04 09:35,502.0
2018-06-04 09:50,504.0
2018-06-04 10:05,445.0
2018-06-04 10:20,401.0
2018-06-04 10:35,397.0
2018-06-04 10:50,398.0
2018-06-04 11:05,407.0
2018-06-04 11:20,388.0
2018-06-04 11:35,408.0
2018-06-04 11:50,414.0
2018-06-04 12:05,414.0
2018-06-04 12:20,397.0
2018-06-04 12:35,408.0
2018-06-04 12:50,410.0
2018-06-04 13:05,390.0
2018-06-04 13:20,414.0
2018-06-04 13:35,456.0
2018-06-04 13:50,457.0
2018-06-04 14:05,423.0
2018-06-04 14:20,444.0
2018-06-04 14:35,397.0
2018-06-04 14:50,408.0
2018-06-04 15:05,390.0
2018-06-04 15:20,404.0
2018-06-04 15:35,398.0
2018-06-04 15:50,402.0
2018-06-04 16:05,395.0
2018-06-04 16:20,411.0
2018-06-04 16:35,405.0
2018-06-04 16:50,387.0
2018-06-04 17:05,383.0
2018-06-04 17:20,355.0
2018-06-04 17:35,368.0
2018-06-04 17:50,321.0
2018-06-04 18:05,335.0
2018-06-04 18:20,337.0
2018-06-04 18:35,341.0
2018-06-04 18:50,328.0
2018-06-04 19:05,317.0
2018-06-04 19:20,299.0
2018-06-04 19:35,317.0
2018-06-04 19:50,300.0
2018-06-04 20:05,313.0
2018-06-04 20:20,267.0
2018-06-04 20:35,269.0
2018-06-04 20:50,263.0
2018-06-04 21:05,234.0
2018-06-04 21:20,220.0
2018-06-04 21:35,180.0
2018-06-04 21:50,157.0
2018-06-04 22:05,141.0
2018-06-04 22:20,132.0
2018-06-04 22:35,122.0
2018-06-04 22:50,105.0
2018-06-04 23:05,91.0
2018-06-04 23:20,77.0
2018-06-04 23:35,55.0
2018-06-04 23:50,47.0
2018-06-05 00:05,35.0
2018-06-05 00:20,40.0
2018-06-05 00:35,48.0
2018-06-05 00:50,47.0
2018-06-05 01:05,43.0
2018-06-05 01:20,37.0
2018-06-05 01:35,38.0
2018-06-05 01:50,40.0
2018-06-05 02:05,53.0
2018-06-05 02:20,68.0
2018-06-05 02:35,84.0
2018-06-05 02:50,96.0
2018-06-05 03:05,105.0
2018-06-05 03:20,111.0
2018-06-05 03:35,113.0
2018-06-05 03:50,88.0
2018-06-05 04:05,104.0
2018-06-05 04:20,131.0
2018-06-05 04:35,202.0
2018-06-05 04:50,237.0
2018-06-05 05:05,300.0
2018-06-05 05:20,331.0
2018-06-05 05:35,346.0
2018-06-05 05:50,349.0
2018-06-05 06:05,327.0
2018-06-05 06:20,303.0
2018-06-05 06:35,309.0
2018-06-05 06:50,324.0
2018-06-05 07:05,356.0
2018-06-05 07:20,388.0
2018-06-05 07:35,404.0
2018-06-05 07:50,396.0
2018-06-05 08:05,442.0
2018-06-05 08:20,406.0
2018-06-05 08:35,440.0
2018-06-05 08:50,439.0
2018-06-05 09:05,441.0
2018-06-05 09:20,448.0
2018-06-05 09:35,438.0
2018-06-05 09:50,422.0
2018-06-05 10:05,430.0
2018-06-05 10:20,426.0
2018-06-05 10:35,404.0
2018-06-05 10:50,425.0
2018-06-05 11:05,424.0
2018-06-05 11:20,433.0
2018-06-05 11:35,394.0
2018-06-05 11:50,405.0
2018-06-05 12:05,395.0
2018-06-05 12:20,374.0
2018-06-05 12:35,394.0
2018-06-05 12:50,408.0
2018-06-05 13:05,422.0
2018-06-05 13:20,400.0
2018-06-05 13:35,401.0
2018-06-05 13:50,405.0
2018-06-05 14:05,391.0
2018-06-05 14:20,379.0
2018-06-05 14:35,404.0
2018-06-05 14:50,421.0
2018-06-05 15:05,407.0
2018-06-05 15:20,432.0
2018-06-05 15:35,422.0
2018-06-05 15:50,417.0
2018-06-05 16:05,386.0
2018-06-05 16:20,408.0
2018-06-05 16:35,388.0
2018-06-05 16:50,358.0
2018-06-05 17:05,392.0
2018-06-05 17:20,494.0
2018-06-05 17:35,545.0
2018-06-05 17:50,513.0
2018-06-05 18:05,405.0
2018-06-05 18:20,456.0
2018-06-05 18:35,480.0
2018-06-05 18:50,541.0
2018-06-05 19:05,445.0
2018-06-05 19:20,383.0
2018-06-05 19:35,439.0
2018-06-05 19:50,403.0
2018-06-05 20:05,379.0
2018-06-05 20:20,370.0
2018-06-05 20:35,284.0
2018-06-05 20:50,280.0
2018-06-05 21:05,237.0
2018-06-05 21:20,205.0
2018-06-05 21:35,226.0
2018-06-05 21:50,189.0
2018-06-05 22:05,118.0
2018-06-05 22:20,134.0
2018-06-05 22:35,118.0
2018-06-05 22:50,93.0
2018-06-05 23:05,86.0
2018-06-05 23:20,68.0
2018-06-05 23:35,63.0
2018-06-05 23:50,48.0
2018-06-06 00:05,38.0
2018-06-06 00:20,37.0
2018-06-06 00:35,30.0
2018-06-06 00:50,34.0
2018-06-06 01:05,36.0
2018-06-06 01:20,39.0
2018-06-06 01:35,43.0
2018-06-06 01:50,47.0
2018-06-06 02:05,60.0
2018-06-06 02:20,67.0
2018-06-06 02:35,84.0
2018-06-06 02:50,85.0
2018-06-06 03:05,88.0
2018-06-06 03:20,98.0
2018-06-06 03:35,90.0
2018-06-06 03:50,101.0
2018-06-06 04:05,103.0
2018-06-06 04:20,151.0
2018-06-06 04:35,205.0
2018-06-06 04:50,252.0
2018-06-06 05:05,305.0
2018-06-06 05:20,354.0
2018-06-06 05:35,366.0
2018-06-06 05:50,424.0
2018-06-06 06:05,370.0
2018-06-06 06:20,409.0
2018-06-06 06:35,335.0
2018-06-06 06:50,385.0
2018-06-06 07:05,473.0
2018-06-06 07:20,502.0
2018-06-06 07:35,575.0
2018-06-06 07:50,537.0
2018-06-06 08:05,476.0
2018-06-06 08:20,506.0
2018-06-06 08:35,569.0
2018-06-06 08:50,562.0
2018-06-06 09:05,613.0
2018-06-06 09:20,711.0
2018-06-06 09:35,736.0
2018-06-06 09:50,690.0
2018-06-06 10:05,690.0
2018-06-06 10:20,759.0
2018-06-06 10:35,757.0
2018-06-06 10:50,494.0
2018-06-06 11:05,528.0
2018-06-06 11:20,575.0
2018-06-06 11:35,487.0
2018-06-06 11:50,523.0
2018-06-06 12:05,515.0
2018-06-06 12:20,507.0
2018-06-06 12:35,599.0
2018-06-06 12:50,589.0
2018-06-06 13:05,677.0
2018-06-06 13:20,658.0
2018-06-06 13:35,600.0
2018-06-06 13:50,577.0
2018-06-06 14:05,663.0
2018-06-06 14:20,549.0
2018-06-06 14:35,641.0
2018-06-06 14:50,457.0
2018-06-06 15:05,552.0
2018-06-06 15:20,666.0
2018-06-06 15:35,525.0
2018-06-06 15:50,505.0
2018-06-06 16:05,419.0
2018-06-06 16:20,444.0
2018-06-06 16:35,522.0
2018-06-06 16:50,525.0
2018-06-06 17:05,454.0
2018-06-06 17:20,532.0
2018-06-06 17:35,426.0
2018-06-06 17:50,450.0
2018-06-06 18:05,335.0
2018-06-06 18:20,301.0
2018-06-06 18:35,283.0
2018-06-06 18:50,272.0
2018-06-06 19:05,285.0
2018-06-06 19:20,291.0
2018-06-06 19:35,312.0
2018-06-06 19:50,280.0
2018-06-06 20:05,279.0
2018-06-06 20:20,285.0
2018-06-06 20:35,270.0
2018-06-06 20:50,269.0
2018-06-06 21:05,250.0
2018-06-06 21:20,209.0
2018-06-06 21:35,192.0
2018-06-06 21:50,183.0
2018-06-06 22:05,156.0
2018-06-06 22:20,137.0
2018-06-06 22:35,122.0
2018-06-06 22:50,102.0
2018-06-06 23:05,82.0
2018-06-06 23:20,77.0
2018-06-06 23:35,68.0
2018-06-06 23:50,67.0
2018-06-07 00:05,54.0
2018-06-07 00:20,48.0
2018-06-07 00:35,38.0
2018-06-07 00:50,42.0
2018-06-07 01:05,43.0
2018-06-07 01:20,27.0
2018-06-07 01:35,29.0
2018-06-07 01:50,41.0
2018-06-07 02:05,55.0
2018-06-07 02:20,70.0
2018-06-07 02:35,84.0
2018-06-07 02:50,87.0
2018-06-07 03:05,93.0
2018-06-07 03:20,104.0
2018-06-07 03:35,82.0
2018-06-07 03:50,96.0
2018-06-07 04:05,104.0
2018-06-07 04:20,138.0
2018-06-07 04:35,184.0
2018-06-07 04:50,248.0
2018-06-07 05:05,308.0
2018-06-07 05:20,330.0
2018-06-07 05:35,333.0
2018-06-07 05:50,343.0
2018-06-07 06:05,347.0
2018-06-07 06:20,315.0
2018-06-07 06:35,315.0
2018-06-07 06:50,338.0
2018-06-07 07:05,333.0
2018-06-07 07:20,347.0
2018-06-07 07:35,380.0
2018-06-07 07:50,388.0
2018-06-07 08:05,397.0
2018-06-07 08:20,421.0
2018-06-07 08:35,422.0
2018-06-07 08:50,433.0
2018-06-07 09:05,428.0
2018-06-07 09:20,428.0
2018-06-07 09:35,463.0
2018-06-07 09:50,450.0
2018-06-07 10:05,442.0
2018-06-07 10:20,401.0
2018-06-07 10:35,389.0
2018-06-07 10:50,402.0
2018-06-07 11:05,390.0
2018-06-07 11:20,403.0
2018-06-07 11:35,411.0
2018-06-07 11:50,417.0
2018-06-07 12:05,419.0
2018-06-07 12:20,410.0
2018-06-07 12:35,392.0
2018-06-07 12:50,379.0
2018-06-07 13:05,340.0
2018-06-07 13:20,347.0
2018-06-07 13:35,362.0
2018-06-07 13:50,341.0
2018-06-07 14:05,342.0
2018-06-07 14:20,367.0
2018-06-07 14:35,361.0
2018-06-07 14:50,365.0
2018-06-07 15:05,338.0
2018-06-07 15:20,366.0
2018-06-07 15:35,334.0
2018-06-07 15:50,358.0
2018-06-07 16:05,340.0
2018-06-07 16:20,338.0
2018-06-07 16:35,315.0
2018-06-07 16:50,309.0
2018-06-07 17:05,313.0
2018-06-07 17:20,322.0
2018-06-07 17:35,309.0
2018-06-07 17:50,293.0
2018-06-07 18:05,286.0
2018-06-07 18:20,262.0
2018-06-07 18:35,260.0
2018-06-07 18:50,249.0
2018-06-07 19:05,263.0
2018-06-07 19:20,257.0
2018-06-07 19:35,260.0
2018-06-07 19:50,268.0
2018-06-07 20:05,301.0
2018-06-07 20:20,280.0
2018-06-07 20:35,278.0
2018-06-07 20:50,249.0
2018-06-07 21:05,239.0
2018-06-07 21:20,220.0
2018-06-07 21:35,217.0
2018-06-07 21:50,188.0
2018-06-07 22:05,156.0
2018-06-07 22:20,151.0
2018-06-07 22:35,119.0
2018-06-07 22:50,107.0
2018-06-07 23:05,101.0
2018-06-07 23:20,94.0
2018-06-07 23:35,74.0
2018-06-07 23:50,59.0
2018-06-08 00:05,52.0
2018-06-08 00:20,47.0
2018-06-08 00:35,45.0
2018-06-08 00:50,40.0
2018-06-08 01:05,42.0
2018-06-08 01:20,41.0
2018-06-08 01:35,46.0
2018-06-08 01:50,50.0
2018-06-08 02:05,54.0
2018-06-08 02:20,68.0
2018-06-08 02:35,84.0
2018-06-08 02:50,95.0
2018-06-08 03:05,102.0
2018-06-08 03:20,102.0
2018-06-08 03:35,87.0
2018-06-08 03:50,80.0
2018-06-08 04:05,110.0
2018-06-08 04:20,145.0
2018-06-08 04:35,197.0
2018-06-08 04:50,247.0
2018-06-08 05:05,294.0
2018-06-08 05:20,335.0
2018-06-08 05:35,336.0
2018-06-08 05:50,331.0
2018-06-08 06:05,322.0
2018-06-08 06:20,310.0
2018-06-08 06:35,341.0
2018-06-08 06:50,315.0
2018-06-08 07:05,347.0
2018-06-08 07:20,365.0
2018-06-08 07:35,390.0
2018-06-08 07:50,395.0
2018-06-08 08:05,402.0
2018-06-08 08:20,390.0
2018-06-08 08:35,379.0
2018-06-08 08:50,405.0
2018-06-08 09:05,435.0
2018-06-08 09:20,445.0
2018-06-08 09:35,399.0
2018-06-08 09:50,400.0
2018-06-08 10:05,384.0
2018-06-08 10:20,414.0
2018-06-08 10:35,416.0
2018-06-08 10:50,393.0
2018-06-08 11:05,361.0
2018-06-08 11:20,376.0
2018-06-08 11:35,408.0
2018-06-08 11:50,352.0
2018-06-08 12:05,349.0
2018-06-08 12:20,355.0
2018-06-08 12:35,359.0
2018-06-08 12:50,360.0
2018-06-08 13:05,361.0
2018-06-08 13:20,376.0
2018-06-08 13:35,419.0
2018-06-08 13:50,347.0
2018-06-08 14:05,347.0
2018-06-08 14:20,389.0
2018-06-08 14:35,359.0
2018-06-08 14:50,336.0
2018-06-08 15:05,349.0
2018-06-08 15:20,360.0
2018-06-08 15:35,354.0
2018-06-08 15:50,341.0
2018-06-08 16:05,329.0
2018-06-08 16:20,358.0
2018-06-08 16:35,362.0
2018-06-08 16:50,343.0
2018-06-08 17:05,335.0
2018-06-08 17:20,325.0
2018-06-08 17:35,326.0
2018-06-08 17:50,300.0
2018-06-08 18:05,325.0
2018-06-08 18:20,298.0
2018-06-08 18:35,259.0
2018-06-08 18:50,245.0
2018-06-08 19:05,245.0
2018-06-08 19:20,276.0
2018-06-08 19:35,281.0
2018-06-08 19:50,286.0
2018-06-08 20:05,291.0
2018-06-08 20:20,280.0
2018-06-08 20:35,238.0
2018-06-08 20:50,251.0
2018-06-08 21:05,254.0
2018-06-08 21:20,225.0
2018-06-08 21:35,207.0
2018-06-08 21:50,181.0
2018-06-08 22:05,142.0
2018-06-08 22:20,121.0
2018-06-08 22:35,111.0
2018-06-08 22:50,105.0
2018-06-08 23:05,76.0
2018-06-08 23:20,60.0
2018-06-08 23:35,50.0
2018-06-08 23:50,45.0
2018-06-09 00:05,42.0
2018-06-09 00:20,44.0
2018-06-09 00:35,44.0
2018-06-09 00:50,32.0
2018-06-09 01:05,26.0
2018-06-09 01:20,31.0
2018-06-09 01:35,26.0
2018-06-09 01:50,16.0
2018-06-09 02:05,21.0
2018-06-09 02:20,31.0
2018-06-09 02:35,44.0
2018-06-09 02:50,51.0
2018-06-09 03:05,60.0
2018-06-09 03:20,68.0
2018-06-09 03:35,69.0
2018-06-09 03:50,72.0
2018-06-09 04:05,86.0
2018-06-09 04:20,130.0
2018-06-09 04:35,179.0
2018-06-09 04:50,230.0
2018-06-09 05:05,250.0
2018-06-09 05:20,278.0
2018-06-09 05:35,291.0
2018-06-09 05:50,308.0
2018-06-09 06:05,308.0
2018-06-09 06:20,310.0
2018-06-09 06:35,294.0
2018-06-09 06:50,300.0
2018-06-09 07:05,307.0
2018-06-09 07:20,330.0
2018-06-09 07:35,367.0
2018-06-09 07:50,363.0
2018-06-09 08:05,400.0
2018-06-09 08:20,421.0
2018-06-09 08:35,446.0
2018-06-09 08:50,490.0
2018-06-09 09:05,485.0
2018-06-09 09:20,519.0
2018-06-09 09:35,530.0
2018-06-09 09:50,474.0
2018-06-09 10:05,466.0
2018-06-09 10:20,463.0
2018-06-09 10:35,447.0
2018-06-09 10:50,446.0
2018-06-09 11:05,439.0
2018-06-09 11:20,431.0
2018-06-09 11:35,438.0
2018-06-09 11:50,436.0
2018-06-09 12:05,408.0
2018-06-09 12:20,392.0
2018-06-09 12:35,392.0
2018-06-09 12:50,394.0
2018-06-09 13:05,414.0
2018-06-09 13:20,418.0
2018-06-09 13:35,413.0
2018-06-09 13:50,399.0
2018-06-09 14:05,385.0
2018-06-09 14:20,392.0
2018-06-09 14:35,355.0
2018-06-09 14:50,371.0
2018-06-09 15:05,362.0
2018-06-09 15:20,360.0
2018-06-09 15:35,353.0
2018-06-09 15:50,352.0
2018-06-09 16:05,313.0
2018-06-09 16:20,313.0
2018-06-09 16:35,322.0
2018-06-09 16:50,316.0
2018-06-09 17:05,315.0
2018-06-09 17:20,297.0
2018-06-09 17:35,267.0
2018-06-09 17:50,273.0
2018-06-09 18:05,254.0
2018-06-09 18:20,240.0
2018-06-09 18:35,223.0
2018-06-09 18:50,220.0
2018-06-09 19:05,245.0
2018-06-09 19:20,255.0
2018-06-09 19:35,256.0
2018-06-09 19:50,253.0
2018-06-09 20:05,232.0
2018-06-09 20:20,210.0
2018-06-09 20:35,183.0
2018-06-09 20:50,175.0
2018-06-09 21:05,165.0
2018-06-09 21:20,141.0
2018-06-09 21:35,146.0
2018-06-09 21:50,135.0
2018-06-09 22:05,115.0
2018-06-09 22:20,99.0
2018-06-09 22:35,103.0
2018-06-09 22:50,112.0
2018-06-09 23:05,85.0
2018-06-09 23:20,78.0
2018-06-09 23:35,68.0
2018-06-09 23:50,67.0
2018-06-10 00:05,68.0
2018-06-10 00:20,68.0
2018-06-10 00:35,68.0
2018-06-10 00:50,64.0
2018-06-10 01:05,56.0
2018-06-10 01:20,50.0
2018-06-10 01:35,52.0
2018-06-10 01:50,45.0
2018-06-10 02:05,38.0
2018-06-10 02:20,35.0
2018-06-10 02:35,43.0
2018-06-10 02:50,57.0
2018-06-10 03:05,62.0
2018-06-10 03:20,73.0
2018-06-10 03:35,81.0
2018-06-10 03:50,74.0
2018-06-10 04:05,91.0
2018-06-10 04:20,131.0
2018-06-10 04:35,168.0
2018-06-10 04:50,190.0
2018-06-10 05:05,198.0
2018-06-10 05:20,255.0
2018-06-10 05:35,261.0
2018-06-10 05:50,279.0
2018-06-10 06:05,246.0
2018-06-10 06:20,217.0
2018-06-10 06:35,241.0
2018-06-10 06:50,243.0
2018-06-10 07:05,274.0
2018-06-10 07:20,290.0
2018-06-10 07:35,298.0
2018-06-10 07:50,320.0
2018-06-10 08:05,323.0
2018-06-10 08:20,360.0
2018-06-10 08:35,360.0
2018-06-10 08:50,399.0
2018-06-10 09:05,397.0
2018-06-10 09:20,429.0
2018-06-10 09:35,439.0
2018-06-10 09:50,412.0
2018-06-10 10:05,429.0
2018-06-10 10:20,446.0
2018-06-10 10:35,425.0
2018-06-10 10:50,457.0
2018-06-10 11:05,433.0
2018-06-10 11:20,445.0
2018-06-10 11:35,455.0
2018-06-10 11:50,465.0
2018-06-10 12:05,468.0
2018-06-10 12:20,480.0
2018-06-10 12:35,436.0
2018-06-10 12:50,430.0
2018-06-10 13:05,454.0
2018-06-10 13:20,472.0
2018-06-10 13:35,447.0
2018-06-10 13:50,422.0
2018-06-10 14:05,465.0
2018-06-10 14:20,444.0
2018-06-10 14:35,469.0
2018-06-10 14:50,501.0
2018-06-10 15:05,445.0
2018-06-10 15:20,447.0
2018-06-10 15:35,420.0
2018-06-10 15:50,425.0
2018-06-10 16:05,404.0
2018-06-10 16:20,396.0
2018-06-10 16:35,351.0
2018-06-10 16:50,358.0
2018-06-10 17:05,337.0
2018-06-10 17:20,368.0
2018-06-10 17:35,345.0
2018-06-10 17:50,336.0
2018-06-10 18:05,287.0
2018-06-10 18:20,293.0
2018-06-10 18:35,305.0
2018-06-10 18:50,283.0
2018-06-10 19:05,285.0
2018-06-10 19:20,280.0
2018-06-10 19:35,303.0
2018-06-10 19:50,283.0
2018-06-10 20:05,272.0
2018-06-10 20:20,235.0
2018-06-10 20:35,228.0
2018-06-10 20:50,221.0
2018-06-10 21:05,224.0
2018-06-10 21:20,177.0
2018-06-10 21:35,144.0
2018-06-10 21:50,121.0
2018-06-10 22:05,109.0
2018-06-10 22:20,110.0
2018-06-10 22:35,106.0
2018-06-10 22:50,96.0
2018-06-10 23:05,78.0
2018-06-10 23:20,83.0
2018-06-10 23:35,66.0
2018-06-10 23:50,66.0
2018-06-11 00:05,70.0
2018-06-11 00:20,75.0
2018-06-11 00:35,65.0
2018-06-11 00:50,50.0
2018-06-11 01:05,43.0
2018-06-11 01:20,37.0
2018-06-11 01:35,40.0
2018-06-11 01:50,37.0
2018-06-11 02:05,39.0
2018-06-11 02:20,59.0
2018-06-11 02:35,63.0
2018-06-11 02:50,61.0
2018-06-11 03:05,53.0
2018-06-11 03:20,70.0
2018-06-11 03:35,66.0
2018-06-11 03:50,73.0
2018-06-11 04:05,88.0
2018-06-11 04:20,138.0
2018-06-11 04:35,182.0
2018-06-11 04:50,226.0
2018-06-11 05:05,263.0
2018-06-11 05:20,340.0
2018-06-11 05:35,345.0
2018-06-11 05:50,336.0
2018-06-11 06:05,337.0
2018-06-11 06:20,338.0
2018-06-11 06:35,323.0
2018-06-11 06:50,342.0
2018-06-11 07:05,347.0
2018-06-11 07:20,358.0
2018-06-11 07:35,355.0
2018-06-11 07:50,377.0
2018-06-11 08:05,384.0
2018-06-11 08:20,405.0
2018-06-11 08:35,399.0
2018-06-11 08:50,419.0
2018-06-11 09:05,457.0
2018-06-11 09:20,436.0
2018-06-11 09:35,442.0
2018-06-11 09:50,427.0
2018-06-11 10:05,411.0
2018-06-11 10:20,405.0
2018-06-11 10:35,382.0
2018-06-11 10:50,379.0
2018-06-11 11:05,399.0
2018-06-11 11:20,387.0
2018-06-11 11:35,386.0
2018-06-11 11:50,391.0
2018-06-11 12:05,376.0
2018-06-11 12:20,353.0
2018-06-11 12:35,341.0
2018-06-11 12:50,332.0
2018-06-11 13:05,364.0
2018-06-11 13:20,344.0
2018-06-11 13:35,315.0
2018-06-11 13:50,318.0
2018-06-11 14:05,325.0
2018-06-11 14:20,350.0
2018-06-11 14:35,330.0
2018-06-11 14:50,329.0
2018-06-11 15:05,315.0
2018-06-11 15:20,319.0
2018-06-11 15:35,340.0
2018-06-11 15:50,341.0
2018-06-11 16:05,330.0
2018-06-11 16:20,338.0
2018-06-11 16:35,320.0
2018-06-11 16:50,320.0
2018-06-11 17:05,313.0
2018-06-11 17:20,306.0
2018-06-11 17:35,310.0
2018-06-11 17:50,301.0
2018-06-11 18:05,289.0
2018-06-11 18:20,286.0
2018-06-11 18:35,257.0
2018-06-11 18:50,268.0
2018-06-11 19:05,259.0
2018-06-11 19:20,265.0
2018-06-11 19:35,294.0
2018-06-11 19:50,312.0
2018-06-11 20:05,315.0
2018-06-11 20:20,290.0
2018-06-11 20:35,282.0
2018-06-11 20:50,253.0
2018-06-11 21:05,238.0
2018-06-11 21:20,212.0
2018-06-11 21:35,177.0
2018-06-11 21:50,144.0
2018-06-11 22:05,124.0
2018-06-11 22:20,120.0
2018-06-11 22:35,109.0
2018-06-11 22:50,99.0
2018-06-11 23:05,88.0
2018-06-11 23:20,66.0
2018-06-11 23:35,46.0
2018-06-11 23:50,50.0
2018-06-12 00:05,47.0
2018-06-12 00:20,46.0
2018-06-12 00:35,46.0
2018-06-12 00:50,36.0
2018-06-12 01:05,37.0
2018-06-12 01:20,39.0
2018-06-12 01:35,42.0
2018-06-12 01:50,51.0
2018-06-12 02:05,51.0
2018-06-12 02:20,62.0
2018-06-12 02:35,78.0
2018-06-12 02:50,92.0
2018-06-12 03:05,106.0
2018-06-12 03:20,107.0
2018-06-12 03:35,84.0
2018-06-12 03:50,89.0
2018-06-12 04:05,92.0
2018-06-12 04:20,127.0
2018-06-12 04:35,178.0
2018-06-12 04:50,231.0
2018-06-12 05:05,276.0
2018-06-12 05:20,323.0
2018-06-12 05:35,319.0
2018-06-12 05:50,332.0
2018-06-12 06:05,341.0
2018-06-12 06:20,327.0
2018-06-12 06:35,292.0
2018-06-12 06:50,306.0
2018-06-12 07:05,344.0
2018-06-12 07:20,365.0
2018-06-12 07:35,376.0
2018-06-12 07:50,389.0
2018-06-12 08:05,375.0
2018-06-12 08:20,371.0
2018-06-12 08:35,397.0
2018-06-12 08:50,390.0
2018-06-12 09:05,398.0
2018-06-12 09:20,418.0
2018-06-12 09:35,428.0
2018-06-12 09:50,411.0
2018-06-12 10:05,406.0
2018-06-12 10:20,364.0
2018-06-12 10:35,331.0
2018-06-12 10:50,327.0
2018-06-12 11:05,351.0
2018-06-12 11:20,364.0
2018-06-12 11:35,342.0
2018-06-12 11:50,352.0
2018-06-12 12:05,320.0
2018-06-12 12:20,321.0
2018-06-12 12:35,319.0
2018-06-12 12:50,336.0
2018-06-12 13:05,322.0
2018-06-12 13:20,336.0
2018-06-12 13:35,346.0
2018-06-12 13:50,344.0
2018-06-12 14:05,371.0
2018-06-12 14:20,382.0
2018-06-12 14:35,318.0
2018-06-12 14:50,332.0
2018-06-12 15:05,363.0
2018-06-12 15:20,348.0
2018-06-12 15:35,355.0
2018-06-12 15:50,336.0
2018-06-12 16:05,352.0
2018-06-12 16:20,324.0
2018-06-12 16:35,198.0
2018-06-12 16:50,324.0
2018-06-12 17:05,320.0
2018-06-12 17:20,487.0
2018-06-12 17:35,516.0
2018-06-12 17:50,487.0
2018-06-12 18:05,413.0
2018-06-12 18:20,451.0
2018-06-12 18:35,430.0
2018-06-12 18:50,421.0
2018-06-12 19:05,393.0
2018-06-12 19:20,407.0
2018-06-12 19:35,405.0
2018-06-12 19:50,386.0
2018-06-12 20:05,626.0
2018-06-12 20:20,636.0
2018-06-12 20:35,606.0
2018-06-12 20:50,340.0
2018-06-12 21:05,316.0
2018-06-12 21:20,294.0
2018-06-12 21:35,253.0
2018-06-12 21:50,215.0
2018-06-12 22:05,181.0
2018-06-12 22:20,180.0
2018-06-12 22:35,163.0
2018-06-12 22:50,163.0
2018-06-12 23:05,163.0
2018-06-12 23:20,163.0
2018-06-12 23:35,163.0
2018-06-12 23:50,163.0
2018-06-13 00:05,62.0
2018-06-13 00:20,61.0
2018-06-13 00:35,53.0
2018-06-13 00:50,55.0
2018-06-13 01:05,69.0
2018-06-13 01:20,76.0
2018-06-13 01:35,89.0
2018-06-13 01:50,102.0
2018-06-13 02:05,121.0
2018-06-13 02:20,132.0
2018-06-13 02:35,114.0
2018-06-13 02:50,88.0
2018-06-13 03:05,90.0
2018-06-13 03:20,95.0
2018-06-13 03:35,79.0
2018-06-13 03:50,97.0
2018-06-13 04:05,98.0
2018-06-13 04:20,141.0
2018-06-13 04:35,178.0
2018-06-13 04:50,230.0
2018-06-13 05:05,288.0
2018-06-13 05:20,325.0
2018-06-13 05:35,361.0
2018-06-13 05:50,349.0
2018-06-13 06:05,338.0
2018-06-13 06:20,339.0
2018-06-13 06:35,308.0
2018-06-13 06:50,305.0
2018-06-13 07:05,337.0
2018-06-13 07:20,330.0
2018-06-13 07:35,375.0
2018-06-13 07:50,369.0
2018-06-13 08:05,394.0
2018-06-13 08:20,441.0
2018-06-13 08:35,421.0
2018-06-13 08:50,444.0
2018-06-13 09:05,423.0
2018-06-13 09:20,419.0
2018-06-13 09:35,411.0
2018-06-13 09:50,429.0
2018-06-13 10:05,397.0
2018-06-13 10:20,401.0
2018-06-13 10:35,360.0
2018-06-13 10:50,384.0
2018-06-13 11:05,363.0
2018-06-13 11:20,361.0
2018-06-13 11:35,388.0
2018-06-13 11:50,394.0
2018-06-13 12:05,371.0
2018-06-13 12:20,360.0
2018-06-13 12:35,371.0
2018-06-13 12:50,369.0
2018-06-13 13:05,391.0
2018-06-13 13:20,392.0
2018-06-13 13:35,379.0
2018-06-13 13:50,405.0
2018-06-13 14:05,401.0
2018-06-13 14:20,389.0
2018-06-13 14:35,366.0
2018-06-13 14:50,393.0
2018-06-13 15:05,405.0
2018-06-13 15:20,405.0
2018-06-13 15:35,385.0
2018-06-13 15:50,409.0
2018-06-13 16:05,413.0
2018-06-13 16:20,408.0
2018-06-13 16:35,410.0
2018-06-13 16:50,379.0
2018-06-13 17:05,388.0
2018-06-13 17:20,363.0
2018-06-13 17:35,356.0
2018-06-13 17:50,366.0
2018-06-13 18:05,337.0
2018-06-13 18:20,305.0
2018-06-13 18:35,282.0
2018-06-13 18:50,292.0
2018-06-13 19:05,289.0
2018-06-13 19:20,339.0
2018-06-13 19:35,338.0
2018-06-13 19:50,331.0
2018-06-13 20:05,290.0
2018-06-13 20:20,263.0
2018-06-13 20:35,253.0
2018-06-13 20:50,230.0
2018-06-13 21:05,193.0
2018-06-13 21:20,168.0
2018-06-13 21:35,150.0
2018-06-13 21:50,135.0
2018-06-13 22:05,125.0
2018-06-13 22:20,119.0
2018-06-13 22:35,98.0
2018-06-13 22:50,90.0
2018-06-13 23:05,69.0
2018-06-13 23:20,63.0
2018-06-13 23:35,53.0
2018-06-13 23:50,56.0
2018-06-14 00:05,49.0
2018-06-14 00:20,41.0
2018-06-14 00:35,45.0
2018-06-14 00:50,34.0
2018-06-14 01:05,38.0
2018-06-14 01:20,41.0
2018-06-14 01:35,45.0
2018-06-14 01:50,47.0
2018-06-14 02:05,47.0
2018-06-14 02:20,71.0
2018-06-14 02:35,87.0
2018-06-14 02:50,107.0
2018-06-14 03:05,103.0
2018-06-14 03:20,93.0
2018-06-14 03:35,80.0
2018-06-14 03:50,77.0
2018-06-14 04:05,88.0
2018-06-14 04:20,131.0
2018-06-14 04:35,180.0
2018-06-14 04:50,248.0
2018-06-14 05:05,265.0
2018-06-14 05:20,299.0
2018-06-14 05:35,337.0
2018-06-14 05:50,331.0
2018-06-14 06:05,312.0
2018-06-14 06:20,307.0
2018-06-14 06:35,314.0
2018-06-14 06:50,315.0
2018-06-14 07:05,372.0
2018-06-14 07:20,367.0
2018-06-14 07:35,401.0
2018-06-14 07:50,437.0
2018-06-14 08:05,406.0
2018-06-14 08:20,442.0
2018-06-14 08:35,463.0
2018-06-14 08:50,475.0
2018-06-14 09:05,466.0
2018-06-14 09:20,499.0
2018-06-14 09:35,479.0
2018-06-14 09:50,473.0
2018-06-14 10:05,468.0
2018-06-14 10:20,452.0
2018-06-14 10:35,437.0
2018-06-14 10:50,433.0
2018-06-14 11:05,453.0
2018-06-14 11:20,433.0
2018-06-14 11:35,447.0
2018-06-14 11:50,437.0
2018-06-14 12:05,441.0
2018-06-14 12:20,413.0
2018-06-14 12:35,403.0
2018-06-14 12:50,432.0
2018-06-14 13:05,421.0
2018-06-14 13:20,425.0
2018-06-14 13:35,430.0
2018-06-14 13:50,435.0
2018-06-14 14:05,418.0
2018-06-14 14:20,426.0
2018-06-14 14:35,417.0
2018-06-14 14:50,408.0
2018-06-14 15:05,411.0
2018-06-14 15:20,424.0
2018-06-14 15:35,403.0
2018-06-14 15:50,409.0
2018-06-14 16:05,405.0
2018-06-14 16:20,408.0
2018-06-14 16:35,402.0
2018-06-14 16:50,373.0
2018-06-14 17:05,408.0
2018-06-14 17:20,387.0
2018-06-14 17:35,406.0
2018-06-14 17:50,364.0
2018-06-14 18:05,346.0
2018-06-14 18:20,323.0
2018-06-14 18:35,303.0
2018-06-14 18:50,291.0
2018-06-14 19:05,294.0
2018-06-14 19:20,327.0
2018-06-14 19:35,328.0
2018-06-14 19:50,321.0
2018-06-14 20:05,323.0
2018-06-14 20:20,304.0
2018-06-14 20:35,272.0
2018-06-14 20:50,245.0
2018-06-14 21:05,205.0
2018-06-14 21:20,163.0
2018-06-14 21:35,128.0
2018-06-14 21:50,120.0
2018-06-14 22:05,114.0
2018-06-14 22:20,99.0
2018-06-14 22:35,96.0
2018-06-14 22:50,90.0
2018-06-14 23:05,90.0
2018-06-14 23:20,62.0
2018-06-14 23:35,58.0
2018-06-14 23:50,47.0
2018-06-15 00:05,43.0
2018-06-15 00:20,38.0
2018-06-15 00:35,41.0
2018-06-15 00:50,39.0
2018-06-15 01:05,45.0
2018-06-15 01:20,46.0
2018-06-15 01:35,41.0
2018-06-15 01:50,45.0
2018-06-15 02:05,57.0
2018-06-15 02:20,88.0
2018-06-15 02:35,88.0
2018-06-15 02:50,98.0
2018-06-15 03:05,102.0
2018-06-15 03:20,105.0
2018-06-15 03:35,108.0
2018-06-15 03:50,98.0
2018-06-15 04:05,102.0
2018-06-15 04:20,148.0
2018-06-15 04:35,190.0
2018-06-15 04:50,241.0
2018-06-15 05:05,288.0
2018-06-15 05:20,338.0
2018-06-15 05:35,328.0
2018-06-15 05:50,343.0
2018-06-15 06:05,339.0
2018-06-15 06:20,324.0
2018-06-15 06:35,315.0
2018-06-15 06:50,330.0
2018-06-15 07:05,326.0
2018-06-15 07:20,342.0
2018-06-15 07:35,378.0
2018-06-15 07:50,394.0
2018-06-15 08:05,391.0
2018-06-15 08:20,403.0
2018-06-15 08:35,406.0
2018-06-15 08:50,439.0
2018-06-15 09:05,455.0
2018-06-15 09:20,473.0
2018-06-15 09:35,464.0
2018-06-15 09:50,469.0
2018-06-15 10:05,449.0
2018-06-15 10:20,437.0
2018-06-15 10:35,421.0
2018-06-15 10:50,438.0
2018-06-15 11:05,456.0
2018-06-15 11:20,452.0
2018-06-15 11:35,745.0
2018-06-15 11:50,746.0
2018-06-15 12:05,732.0
2018-06-15 12:20,779.0
2018-06-15 12:35,767.0
2018-06-15 12:50,756.0
2018-06-15 13:05,787.0
2018-06-15 13:20,811.0
2018-06-15 13:35,812.0
2018-06-15 13:50,787.0
2018-06-15 14:05,799.0
2018-06-15 14:20,766.0
2018-06-15 14:35,688.0
2018-06-15 14:50,757.0
2018-06-15 15:05,788.0
2018-06-15 15:20,807.0
2018-06-15 15:35,800.0
2018-06-15 15:50,761.0
2018-06-15 16:05,740.0
2018-06-15 16:20,731.0
2018-06-15 16:35,670.0
2018-06-15 16:50,543.0
2018-06-15 17:05,400.0
2018-06-15 17:20,615.0
2018-06-15 17:35,363.0
2018-06-15 17:50,347.0
2018-06-15 18:05,314.0
2018-06-15 18:20,303.0
2018-06-15 18:35,317.0
2018-06-15 18:50,291.0
2018-06-15 19:05,300.0
2018-06-15 19:20,307.0
2018-06-15 19:35,316.0
2018-06-15 19:50,312.0
2018-06-15 20:05,298.0
2018-06-15 20:20,277.0
2018-06-15 20:35,255.0
2018-06-15 20:50,226.0
2018-06-15 21:05,226.0
2018-06-15 21:20,195.0
2018-06-15 21:35,149.0
2018-06-15 21:50,125.0
2018-06-15 22:05,100.0
2018-06-15 22:20,88.0
2018-06-15 22:35,86.0
2018-06-15 22:50,77.0
2018-06-15 23:05,62.0
2018-06-15 23:20,56.0
2018-06-15 23:35,44.0
2018-06-15 23:50,38.0
2018-06-16 00:05,32.0
2018-06-16 00:20,37.0
2018-06-16 00:35,40.0
2018-06-16 00:50,31.0
2018-06-16 01:05,20.0
2018-06-16 01:20,19.0
2018-06-16 01:35,20.0
2018-06-16 01:50,21.0
2018-06-16 02:05,29.0
2018-06-16 02:20,45.0
2018-06-16 02:35,62.0
2018-06-16 02:50,68.0
2018-06-16 03:05,68.0
2018-06-16 03:20,78.0
2018-06-16 03:35,78.0
2018-06-16 03:50,85.0
2018-06-16 04:05,106.0
2018-06-16 04:20,150.0
2018-06-16 04:35,202.0
2018-06-16 04:50,229.0
2018-06-16 05:05,240.0
2018-06-16 05:20,272.0
2018-06-16 05:35,309.0
2018-06-16 05:50,307.0
2018-06-16 06:05,318.0
2018-06-16 06:20,285.0
2018-06-16 06:35,287.0
2018-06-16 06:50,300.0
2018-06-16 07:05,302.0
2018-06-16 07:20,358.0
2018-06-16 07:35,366.0
2018-06-16 07:50,404.0
2018-06-16 08:05,420.0
2018-06-16 08:20,455.0
2018-06-16 08:35,448.0
2018-06-16 08:50,481.0
2018-06-16 09:05,536.0
2018-06-16 09:20,524.0
2018-06-16 09:35,549.0
2018-06-16 09:50,541.0
2018-06-16 10:05,529.0
2018-06-16 10:20,532.0
2018-06-16 10:35,498.0
2018-06-16 10:50,485.0
2018-06-16 11:05,462.0
2018-06-16 11:20,478.0
2018-06-16 11:35,469.0
2018-06-16 11:50,483.0
2018-06-16 12:05,486.0
2018-06-16 12:20,422.0
2018-06-16 12:35,465.0
2018-06-16 12:50,456.0
2018-06-16 13:05,452.0
2018-06-16 13:20,701.0
2018-06-16 13:35,730.0
2018-06-16 13:50,702.0
2018-06-16 14:05,687.0
2018-06-16 14:20,655.0
2018-06-16 14:35,676.0
2018-06-16 14:50,657.0
2018-06-16 15:05,634.0
2018-06-16 15:20,618.0
2018-06-16 15:35,526.0
2018-06-16 15:50,426.0
2018-06-16 16:05,462.0
2018-06-16 16:20,360.0
2018-06-16 16:35,373.0
2018-06-16 16:50,364.0
2018-06-16 17:05,327.0
2018-06-16 17:20,343.0
2018-06-16 17:35,299.0
2018-06-16 17:50,279.0
2018-06-16 18:05,268.0
2018-06-16 18:20,263.0
2018-06-16 18:35,248.0
2018-06-16 18:50,249.0
2018-06-16 19:05,256.0
2018-06-16 19:20,236.0
2018-06-16 19:35,245.0
2018-06-16 19:50,236.0
2018-06-16 20:05,223.0
2018-06-16 20:20,187.0
2018-06-16 20:35,180.0
2018-06-16 20:50,188.0
2018-06-16 21:05,160.0
2018-06-16 21:20,132.0
2018-06-16 21:35,138.0
2018-06-16 21:50,119.0
2018-06-16 22:05,95.0
2018-06-16 22:20,95.0
2018-06-16 22:35,95.0
2018-06-16 22:50,92.0
2018-06-16 23:05,73.0
2018-06-16 23:20,67.0
2018-06-16 23:35,59.0
2018-06-16 23:50,50.0
2018-06-17 00:05,47.0
2018-06-17 00:20,52.0
2018-06-17 00:35,52.0
2018-06-17 00:50,50.0
2018-06-17 01:05,42.0
2018-06-17 01:20,38.0
2018-06-17 01:35,30.0
2018-06-17 01:50,29.0
2018-06-17 02:05,29.0
2018-06-17 02:20,35.0
2018-06-17 02:35,48.0
2018-06-17 02:50,59.0
2018-06-17 03:05,66.0
2018-06-17 03:20,71.0
2018-06-17 03:35,73.0
2018-06-17 03:50,92.0
2018-06-17 04:05,114.0
2018-06-17 04:20,149.0
2018-06-17 04:35,172.0
2018-06-17 04:50,201.0
2018-06-17 05:05,219.0
2018-06-17 05:20,252.0
2018-06-17 05:35,273.0
2018-06-17 05:50,278.0
2018-06-17 06:05,281.0
2018-06-17 06:20,269.0
2018-06-17 06:35,267.0
2018-06-17 06:50,254.0
2018-06-17 07:05,263.0
2018-06-17 07:20,292.0
2018-06-17 07:35,306.0
2018-06-17 07:50,306.0
2018-06-17 08:05,311.0
2018-06-17 08:20,355.0
2018-06-17 08:35,390.0
2018-06-17 08:50,405.0
2018-06-17 09:05,430.0
2018-06-17 09:20,469.0
2018-06-17 09:35,478.0
2018-06-17 09:50,471.0
2018-06-17 10:05,462.0
2018-06-17 10:20,441.0
2018-06-17 10:35,454.0
2018-06-17 10:50,494.0
2018-06-17 11:05,503.0
2018-06-17 11:20,471.0
2018-06-17 11:35,440.0
2018-06-17 11:50,425.0
2018-06-17 12:05,441.0
2018-06-17 12:20,721.0
2018-06-17 12:35,688.0
2018-06-17 12:50,735.0
2018-06-17 13:05,749.0
2018-06-17 13:20,696.0
2018-06-17 13:35,634.0
2018-06-17 13:50,493.0
2018-06-17 14:05,420.0
2018-06-17 14:20,689.0
2018-06-17 14:35,688.0
2018-06-17 14:50,692.0
2018-06-17 15:05,659.0
2018-06-17 15:20,676.0
2018-06-17 15:35,644.0
2018-06-17 15:50,640.0
2018-06-17 16:05,647.0
2018-06-17 16:20,614.0
2018-06-17 16:35,631.0
2018-06-17 16:50,639.0
2018-06-17 17:05,617.0
2018-06-17 17:20,603.0
2018-06-17 17:35,586.0
2018-06-17 17:50,540.0
2018-06-17 18:05,542.0
2018-06-17 18:20,536.0
2018-06-17 18:35,520.0
2018-06-17 18:50,509.0
2018-06-17 19:05,521.0
2018-06-17 19:20,521.0
2018-06-17 19:35,530.0
2018-06-17 19:50,517.0
2018-06-17 20:05,435.0
2018-06-17 20:20,356.0
2018-06-17 20:35,356.0
2018-06-17 20:50,257.0
2018-06-17 21:05,190.0
2018-06-17 21:20,150.0
2018-06-17 21:35,124.0
2018-06-17 21:50,120.0
2018-06-17 22:05,98.0
2018-06-17 22:20,85.0
2018-06-17 22:35,86.0
2018-06-17 22:50,78.0
2018-06-17 23:05,73.0
2018-06-17 23:20,80.0
2018-06-17 23:35,79.0
2018-06-17 23:50,71.0
2018-06-18 00:05,50.0
2018-06-18 00:20,50.0
2018-06-18 00:35,46.0
2018-06-18 00:50,46.0
2018-06-18 01:05,44.0
2018-06-18 01:20,42.0
2018-06-18 01:35,34.0
2018-06-18 01:50,43.0
2018-06-18 02:05,41.0
2018-06-18 02:20,48.0
2018-06-18 02:35,58.0
2018-06-18 02:50,69.0
2018-06-18 03:05,71.0
2018-06-18 03:20,79.0
2018-06-18 03:35,86.0
2018-06-18 03:50,93.0
2018-06-18 04:05,109.0
2018-06-18 04:20,143.0
2018-06-18 04:35,191.0
2018-06-18 04:50,241.0
2018-06-18 05:05,286.0
2018-06-18 05:20,332.0
2018-06-18 05:35,318.0
2018-06-18 05:50,318.0
2018-06-18 06:05,341.0
2018-06-18 06:20,341.0
2018-06-18 06:35,341.0
2018-06-18 06:50,341.0
2018-06-18 07:05,341.0
2018-06-18 07:20,326.0
2018-06-18 07:35,362.0
2018-06-18 07:50,408.0
2018-06-18 08:05,407.0
2018-06-18 08:20,412.0
2018-06-18 08:35,407.0
2018-06-18 08:50,428.0
2018-06-18 09:05,436.0
2018-06-18 09:20,434.0
2018-06-18 09:35,475.0
2018-06-18 09:50,434.0
2018-06-18 10:05,392.0
2018-06-18 10:20,381.0
2018-06-18 10:35,388.0
2018-06-18 10:50,391.0
2018-06-18 11:05,374.0
2018-06-18 11:20,379.0
2018-06-18 11:35,370.0
2018-06-18 11:50,369.0
2018-06-18 12:05,346.0
2018-06-18 12:20,344.0
2018-06-18 12:35,355.0
2018-06-18 12:50,391.0
2018-06-18 13:05,372.0
2018-06-18 13:20,384.0
2018-06-18 13:35,402.0
2018-06-18 13:50,395.0
2018-06-18 14:05,407.0
2018-06-18 14:20,397.0
2018-06-18 14:35,397.0
2018-06-18 14:50,360.0
2018-06-18 15:05,385.0
2018-06-18 15:20,411.0
2018-06-18 15:35,391.0
2018-06-18 15:50,398.0
2018-06-18 16:05,403.0
2018-06-18 16:20,397.0
2018-06-18 16:35,367.0
2018-06-18 16:50,364.0
2018-06-18 17:05,381.0
2018-06-18 17:20,353.0
2018-06-18 17:35,352.0
2018-06-18 17:50,332.0
2018-06-18 18:05,306.0
2018-06-18 18:20,280.0
2018-06-18 18:35,292.0
2018-06-18 18:50,285.0
2018-06-18 19:05,307.0
2018-06-18 19:20,308.0
2018-06-18 19:35,323.0
2018-06-18 19:50,294.0
2018-06-18 20:05,303.0
2018-06-18 20:20,271.0
2018-06-18 20:35,254.0
2018-06-18 20:50,241.0
2018-06-18 21:05,215.0
2018-06-18 21:20,178.0
2018-06-18 21:35,133.0
2018-06-18 21:50,128.0
2018-06-18 22:05,121.0
2018-06-18 22:20,99.0
2018-06-18 22:35,85.0
2018-06-18 22:50,81.0
2018-06-18 23:05,71.0
2018-06-18 23:20,64.0
2018-06-18 23:35,58.0
2018-06-18 23:50,54.0
2018-06-19 00:05,43.0
2018-06-19 00:20,41.0
2018-06-19 00:35,40.0
2018-06-19 00:50,34.0
2018-06-19 01:05,30.0
2018-06-19 01:20,32.0
2018-06-19 01:35,46.0
2018-06-19 01:50,54.0
2018-06-19 02:05,57.0
2018-06-19 02:20,56.0
2018-06-19 02:35,72.0
2018-06-19 02:50,94.0
2018-06-19 03:05,107.0
2018-06-19 03:20,107.0
2018-06-19 03:35,99.0
2018-06-19 03:50,83.0
2018-06-19 04:05,106.0
2018-06-19 04:20,137.0
2018-06-19 04:35,185.0
2018-06-19 04:50,236.0
2018-06-19 05:05,279.0
2018-06-19 05:20,317.0
2018-06-19 05:35,331.0
2018-06-19 05:50,333.0
2018-06-19 06:05,338.0
2018-06-19 06:20,320.0
2018-06-19 06:35,316.0
2018-06-19 06:50,314.0
2018-06-19 07:05,347.0
2018-06-19 07:20,357.0
2018-06-19 07:35,369.0
2018-06-19 07:50,374.0
2018-06-19 08:05,388.0
2018-06-19 08:20,399.0
2018-06-19 08:35,392.0
2018-06-19 08:50,416.0
2018-06-19 09:05,424.0
2018-06-19 09:20,445.0
2018-06-19 09:35,421.0
2018-06-19 09:50,404.0
2018-06-19 10:05,404.0
2018-06-19 10:20,395.0
2018-06-19 10:35,366.0
2018-06-19 10:50,383.0
2018-06-19 11:05,366.0
2018-06-19 11:20,366.0
2018-06-19 11:35,386.0
2018-06-19 11:50,391.0
2018-06-19 12:05,352.0
2018-06-19 12:20,349.0
2018-06-19 12:35,351.0
2018-06-19 12:50,371.0
2018-06-19 13:05,362.0
2018-06-19 13:20,342.0
2018-06-19 13:35,377.0
2018-06-19 13:50,397.0
2018-06-19 14:05,399.0
2018-06-19 14:20,368.0
2018-06-19 14:35,372.0
2018-06-19 14:50,419.0
2018-06-19 15:05,376.0
2018-06-19 15:20,387.0
2018-06-19 15:35,363.0
2018-06-19 15:50,340.0
2018-06-19 16:05,362.0
2018-06-19 16:20,387.0
2018-06-19 16:35,380.0
2018-06-19 16:50,355.0
2018-06-19 17:05,354.0
2018-06-19 17:20,339.0
2018-06-19 17:35,347.0
2018-06-19 17:50,358.0
2018-06-19 18:05,309.0
2018-06-19 18:20,282.0
2018-06-19 18:35,274.0
2018-06-19 18:50,282.0
2018-06-19 19:05,295.0
2018-06-19 19:20,289.0
2018-06-19 19:35,328.0
2018-06-19 19:50,303.0
2018-06-19 20:05,283.0
2018-06-19 20:20,265.0
2018-06-19 20:35,237.0
2018-06-19 20:50,223.0
2018-06-19 21:05,188.0
2018-06-19 21:20,158.0
2018-06-19 21:35,153.0
2018-06-19 21:50,130.0
2018-06-19 22:05,117.0
2018-06-19 22:20,106.0
2018-06-19 22:35,111.0
2018-06-19 22:50,92.0
2018-06-19 23:05,80.0
2018-06-19 23:20,61.0
2018-06-19 23:35,67.0
2018-06-19 23:50,53.0
2018-06-20 00:05,44.0
2018-06-20 00:20,34.0
2018-06-20 00:35,36.0
2018-06-20 00:50,38.0
2018-06-20 01:05,35.0
2018-06-20 01:20,34.0
2018-06-20 01:35,38.0
2018-06-20 01:50,48.0
2018-06-20 02:05,51.0
2018-06-20 02:20,69.0
2018-06-20 02:35,71.0
2018-06-20 02:50,89.0
2018-06-20 03:05,99.0
2018-06-20 03:20,86.0
2018-06-20 03:35,87.0
2018-06-20 03:50,93.0
2018-06-20 04:05,112.0
2018-06-20 04:20,143.0
2018-06-20 04:35,191.0
2018-06-20 04:50,253.0
2018-06-20 05:05,301.0
2018-06-20 05:20,340.0
2018-06-20 05:35,364.0
2018-06-20 05:50,350.0
2018-06-20 06:05,324.0
2018-06-20 06:20,340.0
2018-06-20 06:35,343.0
2018-06-20 06:50,374.0
2018-06-20 07:05,388.0
2018-06-20 07:20,411.0
2018-06-20 07:35,439.0
2018-06-20 07:50,452.0
2018-06-20 08:05,442.0
2018-06-20 08:20,464.0
2018-06-20 08:35,480.0
2018-06-20 08:50,484.0
2018-06-20 09:05,497.0
2018-06-20 09:20,493.0
2018-06-20 09:35,481.0
2018-06-20 09:50,465.0
2018-06-20 10:05,447.0
2018-06-20 10:20,468.0
2018-06-20 10:35,446.0
2018-06-20 10:50,432.0
2018-06-20 11:05,431.0
2018-06-20 11:20,425.0
2018-06-20 11:35,439.0
2018-06-20 11:50,470.0
2018-06-20 12:05,456.0
2018-06-20 12:20,461.0
2018-06-20 12:35,459.0
2018-06-20 12:50,482.0
2018-06-20 13:05,487.0
2018-06-20 13:20,479.0
2018-06-20 13:35,490.0
2018-06-20 13:50,467.0
2018-06-20 14:05,468.0
2018-06-20 14:20,457.0
2018-06-20 14:35,471.0
2018-06-20 14:50,477.0
2018-06-20 15:05,469.0
2018-06-20 15:20,467.0
2018-06-20 15:35,479.0
2018-06-20 15:50,447.0
2018-06-20 16:05,473.0
2018-06-20 16:20,477.0
2018-06-20 16:35,473.0
2018-06-20 16:50,438.0
2018-06-20 17:05,435.0
2018-06-20 17:20,416.0
2018-06-20 17:35,408.0
2018-06-20 17:50,364.0
2018-06-20 18:05,378.0
2018-06-20 18:20,331.0
2018-06-20 18:35,308.0
2018-06-20 18:50,301.0
2018-06-20 19:05,299.0
2018-06-20 19:20,333.0
2018-06-20 19:35,334.0
2018-06-20 19:50,328.0
2018-06-20 20:05,297.0
2018-06-20 20:20,268.0
2018-06-20 20:35,257.0
2018-06-20 20:50,242.0
2018-06-20 21:05,204.0
2018-06-20 21:20,168.0
2018-06-20 21:35,168.0
2018-06-20 21:50,138.0
2018-06-20 22:05,122.0
2018-06-20 22:20,122.0
2018-06-20 22:35,105.0
2018-06-20 22:50,97.0
2018-06-20 23:05,81.0
2018-06-20 23:20,69.0
2018-06-20 23:35,57.0
2018-06-20 23:50,49.0
2018-06-21 00:05,56.0
2018-06-21 00:20,51.0
2018-06-21 00:35,43.0
2018-06-21 00:50,30.0
2018-06-21 01:05,30.0
2018-06-21 01:20,34.0
2018-06-21 01:35,32.0
2018-06-21 01:50,51.0
2018-06-21 02:05,66.0
2018-06-21 02:20,70.0
2018-06-21 02:35,74.0
2018-06-21 02:50,84.0
2018-06-21 03:05,106.0
2018-06-21 03:20,116.0
2018-06-21 03:35,104.0
2018-06-21 03:50,103.0
2018-06-21 04:05,114.0
2018-06-21 04:20,139.0
2018-06-21 04:35,179.0
2018-06-21 04:50,237.0
2018-06-21 05:05,294.0
2018-06-21 05:20,339.0
2018-06-21 05:35,350.0
2018-06-21 05:50,352.0
2018-06-21 06:05,370.0
2018-06-21 06:20,354.0
2018-06-21 06:35,329.0
2018-06-21 06:50,323.0
2018-06-21 07:05,342.0
2018-06-21 07:20,372.0
2018-06-21 07:35,395.0
2018-06-21 07:50,411.0
2018-06-21 08:05,410.0
2018-06-21 08:20,419.0
2018-06-21 08:35,410.0
2018-06-21 08:50,441.0
2018-06-21 09:05,432.0
2018-06-21 09:20,456.0
2018-06-21 09:35,428.0
2018-06-21 09:50,418.0
2018-06-21 10:05,416.0
2018-06-21 10:20,387.0
2018-06-21 10:35,363.0
2018-06-21 10:50,371.0
2018-06-21 11:05,391.0
2018-06-21 11:20,378.0
2018-06-21 11:35,391.0
2018-06-21 11:50,401.0
2018-06-21 12:05,378.0
2018-06-21 12:20,371.0
2018-06-21 12:35,344.0
2018-06-21 12:50,369.0
2018-06-21 13:05,391.0
2018-06-21 13:20,359.0
2018-06-21 13:35,358.0
2018-06-21 13:50,361.0
2018-06-21 14:05,357.0
2018-06-21 14:20,346.0
2018-06-21 14:35,369.0
2018-06-21 14:50,374.0
2018-06-21 15:05,341.0
2018-06-21 15:20,354.0
2018-06-21 15:35,370.0
2018-06-21 15:50,336.0
2018-06-21 16:05,358.0
2018-06-21 16:20,376.0
2018-06-21 16:35,370.0
2018-06-21 16:50,358.0
2018-06-21 17:05,370.0
2018-06-21 17:20,344.0
2018-06-21 17:35,329.0
2018-06-21 17:50,342.0
2018-06-21 18:05,323.0
2018-06-21 18:20,305.0
2018-06-21 18:35,281.0
2018-06-21 18:50,266.0
2018-06-21 19:05,267.0
2018-06-21 19:20,289.0
2018-06-21 19:35,306.0
2018-06-21 19:50,306.0
2018-06-21 20:05,327.0
2018-06-21 20:20,301.0
2018-06-21 20:35,277.0
2018-06-21 20:50,239.0
2018-06-21 21:05,229.0
2018-06-21 21:20,218.0
2018-06-21 21:35,157.0
2018-06-21 21:50,126.0
2018-06-21 22:05,127.0
2018-06-21 22:20,125.0
2018-06-21 22:35,125.0
2018-06-21 22:50,111.0
2018-06-21 23:05,100.0
2018-06-21 23:20,87.0
2018-06-21 23:35,70.0
2018-06-21 23:50,59.0
2018-06-22 00:05,56.0
2018-06-22 00:20,45.0
2018-06-22 00:35,41.0
2018-06-22 00:50,42.0
2018-06-22 01:05,44.0
2018-06-22 01:20,48.0
2018-06-22 01:35,47.0
2018-06-22 01:50,59.0
2018-06-22 02:05,60.0
2018-06-22 02:20,71.0
2018-06-22 02:35,77.0
2018-06-22 02:50,106.0
2018-06-22 03:05,108.0
2018-06-22 03:20,114.0
2018-06-22 03:35,101.0
2018-06-22 03:50,88.0
2018-06-22 04:05,97.0
2018-06-22 04:20,130.0
2018-06-22 04:35,178.0
2018-06-22 04:50,232.0
2018-06-22 05:05,278.0
2018-06-22 05:20,308.0
2018-06-22 05:35,313.0
2018-06-22 05:50,334.0
2018-06-22 06:05,339.0
2018-06-22 06:20,350.0
2018-06-22 06:35,334.0
2018-06-22 06:50,317.0
2018-06-22 07:05,322.0
2018-06-22 07:20,344.0
2018-06-22 07:35,358.0
2018-06-22 07:50,401.0
2018-06-22 08:05,389.0
2018-06-22 08:20,424.0
2018-06-22 08:35,425.0
2018-06-22 08:50,423.0
2018-06-22 09:05,413.0
2018-06-22 09:20,391.0
2018-06-22 09:35,425.0
2018-06-22 09:50,376.0
2018-06-22 10:05,402.0
2018-06-22 10:20,389.0
2018-06-22 10:35,409.0
2018-06-22 10:50,403.0
2018-06-22 11:05,399.0
2018-06-22 11:20,414.0
2018-06-22 11:35,414.0
2018-06-22 11:50,414.0
2018-06-22 12:05,414.0
2018-06-22 12:20,414.0
2018-06-22 12:35,414.0
2018-06-22 12:50,369.0
2018-06-22 13:05,393.0
2018-06-22 13:20,425.0
2018-06-22 13:35,424.0
2018-06-22 13:50,425.0
2018-06-22 14:05,425.0
2018-06-22 14:20,441.0
2018-06-22 14:35,435.0
2018-06-22 14:50,431.0
2018-06-22 15:05,415.0
2018-06-22 15:20,437.0
2018-06-22 15:35,464.0
2018-06-22 15:50,457.0
2018-06-22 16:05,438.0
2018-06-22 16:20,410.0
2018-06-22 16:35,385.0
2018-06-22 16:50,419.0
2018-06-22 17:05,400.0
2018-06-22 17:20,382.0
2018-06-22 17:35,361.0
2018-06-22 17:50,364.0
2018-06-22 18:05,361.0
2018-06-22 18:20,308.0
2018-06-22 18:35,294.0
2018-06-22 18:50,303.0
2018-06-22 19:05,320.0
2018-06-22 19:20,327.0
2018-06-22 19:35,310.0
2018-06-22 19:50,317.0
2018-06-22 20:05,317.0
2018-06-22 20:20,272.0
2018-06-22 20:35,241.0
2018-06-22 20:50,244.0
2018-06-22 21:05,225.0
2018-06-22 21:20,172.0
2018-06-22 21:35,123.0
2018-06-22 21:50,127.0
2018-06-22 22:05,121.0
2018-06-22 22:20,106.0
2018-06-22 22:35,101.0
2018-06-22 22:50,95.0
2018-06-22 23:05,77.0
2018-06-22 23:20,77.0
2018-06-22 23:35,77.0
2018-06-22 23:50,77.0
2018-06-23 00:05,35.0
2018-06-23 00:20,31.0
2018-06-23 00:35,28.0
2018-06-23 00:50,25.0
2018-06-23 01:05,22.0
2018-06-23 01:20,17.0
2018-06-23 01:35,25.0
2018-06-23 01:50,21.0
2018-06-23 02:05,31.0
2018-06-23 02:20,38.0
2018-06-23 02:35,60.0
2018-06-23 02:50,76.0
2018-06-23 03:05,66.0
2018-06-23 03:20,75.0
2018-06-23 03:35,82.0
2018-06-23 03:50,93.0
2018-06-23 04:05,107.0
2018-06-23 04:20,138.0
2018-06-23 04:35,165.0
2018-06-23 04:50,202.0
2018-06-23 05:05,226.0
2018-06-23 05:20,283.0
2018-06-23 05:35,278.0
2018-06-23 05:50,292.0
2018-06-23 06:05,297.0
2018-06-23 06:20,297.0
2018-06-23 06:35,308.0
2018-06-23 06:50,282.0
2018-06-23 07:05,297.0
2018-06-23 07:20,320.0
2018-06-23 07:35,335.0
2018-06-23 07:50,347.0
2018-06-23 08:05,348.0
2018-06-23 08:20,358.0
2018-06-23 08:35,379.0
2018-06-23 08:50,440.0
2018-06-23 09:05,444.0
2018-06-23 09:20,451.0
2018-06-23 09:35,455.0
2018-06-23 09:50,453.0
2018-06-23 10:05,477.0
2018-06-23 10:20,484.0
2018-06-23 10:35,480.0
2018-06-23 10:50,464.0
2018-06-23 11:05,418.0
2018-06-23 11:20,423.0
2018-06-23 11:35,482.0
2018-06-23 11:50,462.0
2018-06-23 12:05,452.0
2018-06-23 12:20,419.0
2018-06-23 12:35,401.0
2018-06-23 12:50,426.0
2018-06-23 13:05,467.0
2018-06-23 13:20,437.0
2018-06-23 13:35,437.0
2018-06-23 13:50,378.0
2018-06-23 14:05,423.0
2018-06-23 14:20,426.0
2018-06-23 14:35,403.0
2018-06-23 14:50,372.0
2018-06-23 15:05,419.0
2018-06-23 15:20,408.0
2018-06-23 15:35,391.0
2018-06-23 15:50,388.0
2018-06-23 16:05,369.0
2018-06-23 16:20,327.0
2018-06-23 16:35,345.0
2018-06-23 16:50,359.0
2018-06-23 17:05,337.0
2018-06-23 17:20,324.0
2018-06-23 17:35,309.0
2018-06-23 17:50,299.0
2018-06-23 18:05,267.0
2018-06-23 18:20,275.0
2018-06-23 18:35,261.0
2018-06-23 18:50,240.0
2018-06-23 19:05,241.0
2018-06-23 19:20,246.0
2018-06-23 19:35,261.0
2018-06-23 19:50,234.0
2018-06-23 20:05,214.0
2018-06-23 20:20,207.0
2018-06-23 20:35,194.0
2018-06-23 20:50,190.0
2018-06-23 21:05,169.0
2018-06-23 21:20,135.0
2018-06-23 21:35,139.0
2018-06-23 21:50,126.0
2018-06-23 22:05,112.0
2018-06-23 22:20,111.0
2018-06-23 22:35,108.0
2018-06-23 22:50,97.0
2018-06-23 23:05,88.0
2018-06-23 23:20,79.0
2018-06-23 23:35,80.0
2018-06-23 23:50,66.0
2018-06-24 00:05,60.0
2018-06-24 00:20,55.0
2018-06-24 00:35,51.0
2018-06-24 00:50,48.0
2018-06-24 01:05,35.0
2018-06-24 01:20,26.0
2018-06-24 01:35,25.0
2018-06-24 01:50,24.0
2018-06-24 02:05,27.0
2018-06-24 02:20,40.0
2018-06-24 02:35,48.0
2018-06-24 02:50,61.0
2018-06-24 03:05,57.0
2018-06-24 03:20,67.0
2018-06-24 03:35,66.0
2018-06-24 03:50,73.0
2018-06-24 04:05,91.0
2018-06-24 04:20,132.0
2018-06-24 04:35,156.0
2018-06-24 04:50,201.0
2018-06-24 05:05,223.0
2018-06-24 05:20,264.0
2018-06-24 05:35,257.0
2018-06-24 05:50,282.0
2018-06-24 06:05,272.0
2018-06-24 06:20,259.0
2018-06-24 06:35,226.0
2018-06-24 06:50,236.0
2018-06-24 07:05,269.0
2018-06-24 07:20,272.0
2018-06-24 07:35,311.0
2018-06-24 07:50,304.0
2018-06-24 08:05,322.0
2018-06-24 08:20,369.0
2018-06-24 08:35,362.0
2018-06-24 08:50,399.0
2018-06-24 09:05,398.0
2018-06-24 09:20,419.0
2018-06-24 09:35,423.0
2018-06-24 09:50,447.0
2018-06-24 10:05,468.0
2018-06-24 10:20,473.0
2018-06-24 10:35,443.0
2018-06-24 10:50,447.0
2018-06-24 11:05,456.0
2018-06-24 11:20,467.0
2018-06-24 11:35,479.0
2018-06-24 11:50,455.0
2018-06-24 12:05,448.0
2018-06-24 12:20,456.0
2018-06-24 12:35,468.0
2018-06-24 12:50,469.0
2018-06-24 13:05,484.0
2018-06-24 13:20,462.0
2018-06-24 13:35,476.0
2018-06-24 13:50,482.0
2018-06-24 14:05,487.0
2018-06-24 14:20,479.0
2018-06-24 14:35,448.0
2018-06-24 14:50,427.0
2018-06-24 15:05,433.0
2018-06-24 15:20,436.0
2018-06-24 15:35,436.0
2018-06-24 15:50,445.0
2018-06-24 16:05,433.0
2018-06-24 16:20,414.0
2018-06-24 16:35,410.0
2018-06-24 16:50,394.0
2018-06-24 17:05,375.0
2018-06-24 17:20,382.0
2018-06-24 17:35,424.0
2018-06-24 17:50,336.0
2018-06-24 18:05,329.0
2018-06-24 18:20,302.0
2018-06-24 18:35,291.0
2018-06-24 18:50,306.0
2018-06-24 19:05,323.0
2018-06-24 19:20,316.0
2018-06-24 19:35,292.0
2018-06-24 19:50,307.0
2018-06-24 20:05,288.0
2018-06-24 20:20,270.0
2018-06-24 20:35,249.0
2018-06-24 20:50,230.0
2018-06-24 21:05,196.0
2018-06-24 21:20,148.0
2018-06-24 21:35,127.0
2018-06-24 21:50,122.0
2018-06-24 22:05,116.0
2018-06-24 22:20,104.0
2018-06-24 22:35,108.0
2018-06-24 22:50,95.0
2018-06-24 23:05,62.0
2018-06-24 23:20,58.0
2018-06-24 23:35,70.0
2018-06-24 23:50,66.0
2018-06-25 00:05,56.0
2018-06-25 00:20,54.0
2018-06-25 00:35,59.0
2018-06-25 00:50,46.0
2018-06-25 01:05,43.0
2018-06-25 01:20,27.0
2018-06-25 01:35,27.0
2018-06-25 01:50,38.0
2018-06-25 02:05,41.0
2018-06-25 02:20,52.0
2018-06-25 02:35,54.0
2018-06-25 02:50,58.0
2018-06-25 03:05,65.0
2018-06-25 03:20,66.0
2018-06-25 03:35,75.0
2018-06-25 03:50,77.0
2018-06-25 04:05,94.0
2018-06-25 04:20,151.0
2018-06-25 04:35,207.0
2018-06-25 04:50,252.0
2018-06-25 05:05,271.0
2018-06-25 05:20,317.0
2018-06-25 05:35,323.0
2018-06-25 05:50,360.0
2018-06-25 06:05,357.0
2018-06-25 06:20,327.0
2018-06-25 06:35,320.0
2018-06-25 06:50,343.0
2018-06-25 07:05,341.0
2018-06-25 07:20,337.0
2018-06-25 07:35,355.0
2018-06-25 07:50,362.0
2018-06-25 08:05,376.0
2018-06-25 08:20,356.0
2018-06-25 08:35,370.0
2018-06-25 08:50,393.0
2018-06-25 09:05,422.0
2018-06-25 09:20,414.0
2018-06-25 09:35,445.0
2018-06-25 09:50,426.0
2018-06-25 10:05,433.0
2018-06-25 10:20,431.0
2018-06-25 10:35,384.0
2018-06-25 10:50,372.0
2018-06-25 11:05,399.0
2018-06-25 11:20,414.0
2018-06-25 11:35,424.0
2018-06-25 11:50,413.0
2018-06-25 12:05,401.0
2018-06-25 12:20,393.0
2018-06-25 12:35,381.0
2018-06-25 12:50,383.0
2018-06-25 13:05,405.0
2018-06-25 13:20,430.0
2018-06-25 13:35,420.0
2018-06-25 13:50,423.0
2018-06-25 14:05,434.0
2018-06-25 14:20,407.0
2018-06-25 14:35,420.0
2018-06-25 14:50,428.0
2018-06-25 15:05,408.0
2018-06-25 15:20,401.0
2018-06-25 15:35,424.0
2018-06-25 15:50,422.0
2018-06-25 16:05,408.0
2018-06-25 16:20,382.0
2018-06-25 16:35,370.0
2018-06-25 16:50,370.0
2018-06-25 17:05,384.0
2018-06-25 17:20,371.0
2018-06-25 17:35,368.0
2018-06-25 17:50,345.0
2018-06-25 18:05,308.0
2018-06-25 18:20,298.0
2018-06-25 18:35,297.0
2018-06-25 18:50,291.0
2018-06-25 19:05,293.0
2018-06-25 19:20,316.0
2018-06-25 19:35,308.0
2018-06-25 19:50,310.0
2018-06-25 20:05,286.0
2018-06-25 20:20,273.0
2018-06-25 20:35,261.0
2018-06-25 20:50,271.0
2018-06-25 21:05,223.0
2018-06-25 21:20,190.0
2018-06-25 21:35,152.0
2018-06-25 21:50,133.0
2018-06-25 22:05,117.0
2018-06-25 22:20,105.0
2018-06-25 22:35,100.0
2018-06-25 22:50,94.0
2018-06-25 23:05,93.0
2018-06-25 23:20,67.0
2018-06-25 23:35,62.0
2018-06-25 23:50,51.0
2018-06-26 00:05,47.0
2018-06-26 00:20,57.0
2018-06-26 00:35,44.0
2018-06-26 00:50,41.0
2018-06-26 01:05,42.0
2018-06-26 01:20,38.0
2018-06-26 01:35,39.0
2018-06-26 01:50,48.0
2018-06-26 02:05,52.0
2018-06-26 02:20,71.0
2018-06-26 02:35,85.0
2018-06-26 02:50,90.0
2018-06-26 03:05,101.0
2018-06-26 03:20,88.0
2018-06-26 03:35,99.0
2018-06-26 03:50,98.0
2018-06-26 04:05,95.0
2018-06-26 04:20,143.0
2018-06-26 04:35,185.0
2018-06-26 04:50,235.0
2018-06-26 05:05,272.0
2018-06-26 05:20,331.0
2018-06-26 05:35,524.0
2018-06-26 05:50,603.0
2018-06-26 06:05,598.0
2018-06-26 06:20,567.0
2018-06-26 06:35,565.0
2018-06-26 06:50,570.0
2018-06-26 07:05,561.0
2018-06-26 07:20,477.0
2018-06-26 07:35,380.0
2018-06-26 07:50,373.0
2018-06-26 08:05,372.0
2018-06-26 08:20,402.0
2018-06-26 08:35,429.0
2018-06-26 08:50,438.0
2018-06-26 09:05,443.0
2018-06-26 09:20,438.0
2018-06-26 09:35,482.0
2018-06-26 09:50,476.0
2018-06-26 10:05,482.0
2018-06-26 10:20,487.0
2018-06-26 10:35,423.0
2018-06-26 10:50,386.0
2018-06-26 11:05,410.0
2018-06-26 11:20,436.0
2018-06-26 11:35,410.0
2018-06-26 11:50,412.0
2018-06-26 12:05,382.0
2018-06-26 12:20,378.0
2018-06-26 12:35,374.0
2018-06-26 12:50,402.0
2018-06-26 13:05,403.0
2018-06-26 13:20,401.0
2018-06-26 13:35,416.0
2018-06-26 13:50,416.0
2018-06-26 14:05,444.0
2018-06-26 14:20,418.0
2018-06-26 14:35,439.0
2018-06-26 14:50,426.0
2018-06-26 15:05,419.0
2018-06-26 15:20,397.0
2018-06-26 15:35,392.0
2018-06-26 15:50,395.0
2018-06-26 16:05,395.0
2018-06-26 16:20,395.0
2018-06-26 16:35,413.0
2018-06-26 16:50,403.0
2018-06-26 17:05,390.0
2018-06-26 17:20,383.0
2018-06-26 17:35,392.0
2018-06-26 17:50,403.0
2018-06-26 18:05,368.0
2018-06-26 18:20,304.0
2018-06-26 18:35,316.0
2018-06-26 18:50,291.0
2018-06-26 19:05,298.0
2018-06-26 19:20,314.0
2018-06-26 19:35,338.0
2018-06-26 19:50,310.0
2018-06-26 20:05,268.0
2018-06-26 20:20,266.0
2018-06-26 20:35,251.0
2018-06-26 20:50,230.0
2018-06-26 21:05,203.0
2018-06-26 21:20,173.0
2018-06-26 21:35,178.0
2018-06-26 21:50,147.0
2018-06-26 22:05,143.0
2018-06-26 22:20,121.0
2018-06-26 22:35,111.0
2018-06-26 22:50,80.0
2018-06-26 23:05,75.0
2018-06-26 23:20,70.0
2018-06-26 23:35,67.0
2018-06-26 23:50,60.0
2018-06-27 00:05,61.0
2018-06-27 00:20,53.0
2018-06-27 00:35,52.0
2018-06-27 00:50,43.0
2018-06-27 01:05,41.0
2018-06-27 01:20,40.0
2018-06-27 01:35,37.0
2018-06-27 01:50,49.0
2018-06-27 02:05,61.0
2018-06-27 02:20,77.0
2018-06-27 02:35,83.0
2018-06-27 02:50,85.0
2018-06-27 03:05,101.0
2018-06-27 03:20,93.0
2018-06-27 03:35,103.0
2018-06-27 03:50,84.0
2018-06-27 04:05,106.0
2018-06-27 04:20,148.0
2018-06-27 04:35,187.0
2018-06-27 04:50,251.0
2018-06-27 05:05,286.0
2018-06-27 05:20,351.0
2018-06-27 05:35,347.0
2018-06-27 05:50,371.0
2018-06-27 06:05,345.0
2018-06-27 06:20,332.0
2018-06-27 06:35,311.0
2018-06-27 06:50,339.0
2018-06-27 07:05,370.0
2018-06-27 07:20,394.0
2018-06-27 07:35,401.0
2018-06-27 07:50,426.0
2018-06-27 08:05,440.0
2018-06-27 08:20,448.0
2018-06-27 08:35,458.0
2018-06-27 08:50,502.0
2018-06-27 09:05,480.0
2018-06-27 09:20,495.0
2018-06-27 09:35,484.0
2018-06-27 09:50,472.0
2018-06-27 10:05,468.0
2018-06-27 10:20,458.0
2018-06-27 10:35,477.0
2018-06-27 10:50,460.0
2018-06-27 11:05,480.0
2018-06-27 11:20,798.0
2018-06-27 11:35,782.0
2018-06-27 11:50,804.0
2018-06-27 12:05,827.0
2018-06-27 12:20,792.0
2018-06-27 12:35,809.0
2018-06-27 12:50,796.0
2018-06-27 13:05,767.0
2018-06-27 13:20,777.0
2018-06-27 13:35,787.0
2018-06-27 13:50,747.0
2018-06-27 14:05,759.0
2018-06-27 14:20,765.0
2018-06-27 14:35,758.0
2018-06-27 14:50,760.0
2018-06-27 15:05,773.0
2018-06-27 15:20,783.0
2018-06-27 15:35,763.0
2018-06-27 15:50,734.0
2018-06-27 16:05,745.0
2018-06-27 16:20,769.0
2018-06-27 16:35,746.0
2018-06-27 16:50,745.0
2018-06-27 17:05,705.0
2018-06-27 17:20,686.0
2018-06-27 17:35,656.0
2018-06-27 17:50,637.0
2018-06-27 18:05,594.0
2018-06-27 18:20,541.0
2018-06-27 18:35,560.0
2018-06-27 18:50,558.0
2018-06-27 19:05,577.0
2018-06-27 19:20,571.0
2018-06-27 19:35,579.0
2018-06-27 19:50,723.0
2018-06-27 20:05,629.0
2018-06-27 20:20,541.0
2018-06-27 20:35,277.0
2018-06-27 20:50,254.0
2018-06-27 21:05,233.0
2018-06-27 21:20,192.0
2018-06-27 21:35,179.0
2018-06-27 21:50,154.0
2018-06-27 22:05,145.0
2018-06-27 22:20,134.0
2018-06-27 22:35,123.0
2018-06-27 22:50,110.0
2018-06-27 23:05,91.0
2018-06-27 23:20,74.0
2018-06-27 23:35,65.0
2018-06-27 23:50,57.0
2018-06-28 00:05,49.0
2018-06-28 00:20,43.0
2018-06-28 00:35,45.0
2018-06-28 00:50,49.0
2018-06-28 01:05,47.0
2018-06-28 01:20,44.0
2018-06-28 01:35,47.0
2018-06-28 01:50,54.0
2018-06-28 02:05,58.0
2018-06-28 02:20,62.0
2018-06-28 02:35,75.0
2018-06-28 02:50,85.0
2018-06-28 03:05,103.0
2018-06-28 03:20,116.0
2018-06-28 03:35,110.0
2018-06-28 03:50,99.0
2018-06-28 04:05,107.0
2018-06-28 04:20,136.0
2018-06-28 04:35,194.0
2018-06-28 04:50,253.0
2018-06-28 05:05,296.0
2018-06-28 05:20,601.0
2018-06-28 05:35,599.0
2018-06-28 05:50,601.0
2018-06-28 06:05,592.0
2018-06-28 06:20,599.0
2018-06-28 06:35,624.0
2018-06-28 06:50,625.0
2018-06-28 07:05,637.0
2018-06-28 07:20,714.0
2018-06-28 07:35,713.0
2018-06-28 07:50,719.0
2018-06-28 08:05,749.0
2018-06-28 08:20,757.0
2018-06-28 08:35,751.0
2018-06-28 08:50,772.0
2018-06-28 09:05,801.0
2018-06-28 09:20,756.0
2018-06-28 09:35,757.0
2018-06-28 09:50,734.0
2018-06-28 10:05,608.0
2018-06-28 10:20,475.0
2018-06-28 10:35,773.0
2018-06-28 10:50,774.0
2018-06-28 11:05,756.0
2018-06-28 11:20,736.0
2018-06-28 11:35,935.0
2018-06-28 11:50,834.0
2018-06-28 12:05,711.0
2018-06-28 12:20,460.0
2018-06-28 12:35,437.0
2018-06-28 12:50,399.0
2018-06-28 13:05,427.0
2018-06-28 13:20,469.0
2018-06-28 13:35,465.0
2018-06-28 13:50,445.0
2018-06-28 14:05,435.0
2018-06-28 14:20,445.0
2018-06-28 14:35,423.0
2018-06-28 14:50,395.0
2018-06-28 15:05,424.0
2018-06-28 15:20,473.0
2018-06-28 15:35,529.0
2018-06-28 15:50,587.0
2018-06-28 16:05,610.0
2018-06-28 16:20,547.0
2018-06-28 16:35,486.0
2018-06-28 16:50,384.0
2018-06-28 17:05,413.0
2018-06-28 17:20,396.0
2018-06-28 17:35,410.0
2018-06-28 17:50,373.0
2018-06-28 18:05,334.0
2018-06-28 18:20,334.0
2018-06-28 18:35,323.0
2018-06-28 18:50,303.0
2018-06-28 19:05,308.0
2018-06-28 19:20,310.0
2018-06-28 19:35,328.0
2018-06-28 19:50,328.0
2018-06-28 20:05,327.0
2018-06-28 20:20,313.0
2018-06-28 20:35,272.0
2018-06-28 20:50,251.0
2018-06-28 21:05,244.0
2018-06-28 21:20,244.0
2018-06-28 21:35,156.0
2018-06-28 21:50,155.0
2018-06-28 22:05,146.0
2018-06-28 22:20,130.0
2018-06-28 22:35,111.0
2018-06-28 22:50,103.0
2018-06-28 23:05,92.0
2018-06-28 23:20,82.0
2018-06-28 23:35,65.0
2018-06-28 23:50,54.0
2018-06-29 00:05,49.0
2018-06-29 00:20,38.0
2018-06-29 00:35,37.0
2018-06-29 00:50,48.0
2018-06-29 01:05,44.0
2018-06-29 01:20,47.0
2018-06-29 01:35,46.0
2018-06-29 01:50,58.0
2018-06-29 02:05,64.0
2018-06-29 02:20,74.0
2018-06-29 02:35,86.0
2018-06-29 02:50,92.0
2018-06-29 03:05,100.0
2018-06-29 03:20,113.0
2018-06-29 03:35,109.0
2018-06-29 03:50,109.0
2018-06-29 04:05,109.0
2018-06-29 04:20,109.0
2018-06-29 04:35,109.0
2018-06-29 04:50,109.0
2018-06-29 05:05,109.0
2018-06-29 05:20,109.0
2018-06-29 05:35,109.0
2018-06-29 05:50,109.0
2018-06-29 06:05,109.0
2018-06-29 06:20,109.0
2018-06-29 06:35,109.0
2018-06-29 06:50,109.0
2018-06-29 07:05,109.0
2018-06-29 07:20,109.0
2018-06-29 07:35,109.0
2018-06-29 07:50,109.0
2018-06-29 08:05,109.0
2018-06-29 08:20,109.0
2018-06-29 08:35,109.0
2018-06-29 08:50,109.0
2018-06-29 09:05,109.0
2018-06-29 09:20,109.0
2018-06-29 09:35,109.0
2018-06-29 09:50,109.0
2018-06-29 10:05,477.0
2018-06-29 10:20,473.0
2018-06-29 10:35,444.0
2018-06-29 10:50,450.0
2018-06-29 11:05,403.0
2018-06-29 11:20,431.0
2018-06-29 11:35,422.0
2018-06-29 11:50,433.0
2018-06-29 12:05,401.0
2018-06-29 12:20,425.0
2018-06-29 12:35,408.0
2018-06-29 12:50,440.0
2018-06-29 13:05,437.0
2018-06-29 13:20,460.0
2018-06-29 13:35,460.0
2018-06-29 13:50,489.0
2018-06-29 14:05,498.0
2018-06-29 14:20,440.0
2018-06-29 14:35,436.0
2018-06-29 14:50,441.0
2018-06-29 15:05,448.0
2018-06-29 15:20,487.0
2018-06-29 15:35,427.0
2018-06-29 15:50,490.0
2018-06-29 16:05,430.0
2018-06-29 16:20,437.0
2018-06-29 16:35,406.0
2018-06-29 16:50,414.0
2018-06-29 17:05,407.0
2018-06-29 17:20,410.0
2018-06-29 17:35,386.0
2018-06-29 17:50,372.0
2018-06-29 18:05,362.0
2018-06-29 18:20,334.0
2018-06-29 18:35,310.0
2018-06-29 18:50,292.0
2018-06-29 19:05,300.0
2018-06-29 19:20,302.0
2018-06-29 19:35,307.0
2018-06-29 19:50,319.0
2018-06-29 20:05,269.0
2018-06-29 20:20,291.0
2018-06-29 20:35,265.0
2018-06-29 20:50,239.0
2018-06-29 21:05,227.0
2018-06-29 21:20,207.0
2018-06-29 21:35,178.0
2018-06-29 21:50,158.0
2018-06-29 22:05,139.0
2018-06-29 22:20,127.0
2018-06-29 22:35,111.0
2018-06-29 22:50,98.0
2018-06-29 23:05,76.0
2018-06-29 23:20,69.0
2018-06-29 23:35,61.0
2018-06-29 23:50,61.0
2018-06-30 00:05,53.0
2018-06-30 00:20,42.0
2018-06-30 00:35,37.0
2018-06-30 00:50,34.0
2018-06-30 01:05,34.0
2018-06-30 01:20,30.0
2018-06-30 01:35,24.0
2018-06-30 01:50,33.0
2018-06-30 02:05,28.0
2018-06-30 02:20,37.0
2018-06-30 02:35,37.0
2018-06-30 02:50,63.0
2018-06-30 03:05,73.0
2018-06-30 03:20,73.0
2018-06-30 03:35,73.0
2018-06-30 03:50,73.0
2018-06-30 04:05,73.0
2018-06-30 04:20,73.0
2018-06-30 04:35,73.0
2018-06-30 04:50,73.0
2018-06-30 05:05,73.0
2018-06-30 05:20,73.0
2018-06-30 05:35,73.0
2018-06-30 05:50,73.0
2018-06-30 06:05,73.0
2018-06-30 06:20,73.0
2018-06-30 06:35,73.0
2018-06-30 06:50,73.0
2018-06-30 07:05,73.0
2018-06-30 07:20,73.0
2018-06-30 07:35,73.0
2018-06-30 07:50,73.0
2018-06-30 08:05,73.0
2018-06-30 08:20,73.0
2018-06-30 08:35,73.0
2018-06-30 08:50,73.0
2018-06-30 09:05,73.0
2018-06-30 09:20,73.0
2018-06-30 09:35,73.0
2018-06-30 09:50,73.0
2018-06-30 10:05,73.0
2018-06-30 10:20,543.0
2018-06-30 10:35,558.0
2018-06-30 10:50,537.0
2018-06-30 11:05,545.0
2018-06-30 11:20,536.0
2018-06-30 11:35,536.0
2018-06-30 11:50,552.0
2018-06-30 12:05,546.0
2018-06-30 12:20,521.0
2018-06-30 12:35,549.0
2018-06-30 12:50,536.0
2018-06-30 13:05,546.0
2018-06-30 13:20,555.0
2018-06-30 13:35,551.0
2018-06-30 13:50,530.0
2018-06-30 14:05,545.0
2018-06-30 14:20,549.0
2018-06-30 14:35,517.0
2018-06-30 14:50,524.0
2018-06-30 15:05,496.0
2018-06-30 15:20,458.0
2018-06-30 15:35,445.0
2018-06-30 15:50,448.0
2018-06-30 16:05,488.0
2018-06-30 16:20,451.0
2018-06-30 16:35,437.0
2018-06-30 16:50,403.0
2018-06-30 17:05,359.0
2018-06-30 17:20,345.0
2018-06-30 17:35,344.0
2018-06-30 17:50,317.0
2018-06-30 18:05,308.0
2018-06-30 18:20,288.0
2018-06-30 18:35,266.0
2018-06-30 18:50,259.0
2018-06-30 19:05,229.0
2018-06-30 19:20,242.0
2018-06-30 19:35,252.0
2018-06-30 19:50,255.0
2018-06-30 20:05,224.0
2018-06-30 20:20,210.0
2018-06-30 20:35,218.0
2018-06-30 20:50,218.0
2018-06-30 21:05,193.0
2018-06-30 21:20,158.0
2018-06-30 21:35,149.0
2018-06-30 21:50,112.0
2018-06-30 22:05,122.0
2018-06-30 22:20,105.0
2018-06-30 22:35,105.0
2018-06-30 22:50,97.0
2018-06-30 23:05,83.0
2018-06-30 23:20,76.0
2018-06-30 23:35,67.0
2018-06-30 23:50,71.0
2018-07-01 00:05,
2018-07-01 00:20,
2018-07-01 00:35,
2018-07-01 00:50,
2018-07-01 01:05,
2018-07-01 01:20,
2018-07-01 01:35,
2018-07-01 01:50,
2018-07-01 02:05,
2018-07-01 02:20,
2018-07-01 02:35,
2018-07-01 02:50,
2018-07-01 03:05,
2018-07-01 03:20,
2018-07-01 03:35,
2018-07-01 03:50,
2018-07-01 04:05,
2018-07-01 04:20,
2018-07-01 04:35,
2018-07-01 04:50,
2018-07-01 05:05,
2018-07-01 05:20,
2018-07-01 05:35,
2018-07-01 05:50,
2018-07-01 06:05,
2018-07-01 06:20,
2018-07-01 06:35,
2018-07-01 06:50,
2018-07-01 07:05,
2018-07-01 07:20,
2018-07-01 07:35,
2018-07-01 07:50,
2018-07-01 08:05,
2018-07-01 08:20,
2018-07-01 08:35,
2018-07-01 08:50,
2018-07-01 09:05,
2018-07-01 09:20,
2018-07-01 09:35,
2018-07-01 09:50,
2018-07-01 10:05,
2018-07-01 10:20,
2018-07-01 10:35,
2018-07-01 10:50,
2018-07-01 11:05,
2018-07-01 11:20,
2018-07-01 11:35,
2018-07-01 11:50,
2018-07-01 12:05,
2018-07-01 12:20,
2018-07-01 12:35,
2018-07-01 12:50,
2018-07-01 13:05,
2018-07-01 13:20,
2018-07-01 13:35,
2018-07-01 13:50,
2018-07-01 14:05,
2018-07-01 14:20,
2018-07-01 14:35,
2018-07-01 14:50,
2018-07-01 15:05,
2018-07-01 15:20,
2018-07-01 15:35,
2018-07-01 15:50,
2018-07-01 16:05,
2018-07-01 16:20,
2018-07-01 16:35,
2018-07-01 16:50,
2018-07-01 17:05,
2018-07-01 17:20,
2018-07-01 17:35,
2018-07-01 17:50,
2018-07-01 18:05,
2018-07-01 18:20,
2018-07-01 18:35,
2018-07-01 18:50,
2018-07-01 19:05,
2018-07-01 19:20,
2018-07-01 19:35,
2018-07-01 19:50,
2018-07-01 20:05,
2018-07-01 20:20,
2018-07-01 20:35,
2018-07-01 20:50,
2018-07-01 21:05,
2018-07-01 21:20,
2018-07-01 21:35,
2018-07-01 21:50,
2018-07-01 22:05,
2018-07-01 22:20,
2018-07-01 22:35,
2018-07-01 22:50,
2018-07-01 23:05,
2018-07-01 23:20,
2018-07-01 23:35,
2018-07-01 23:50,
2018-07-02 00:05,
2018-07-02 00:20,
2018-07-02 00:35,
2018-07-02 00:50,
2018-07-02 01:05,
2018-07-02 01:20,
2018-07-02 01:35,
2018-07-02 01:50,
2018-07-02 02:05,
2018-07-02 02:20,
2018-07-02 02:35,
2018-07-02 02:50,
2018-07-02 03:05,
2018-07-02 03:20,
2018-07-02 03:35,
2018-07-02 03:50,
2018-07-02 04:05,
2018-07-02 04:20,
2018-07-02 04:35,
2018-07-02 04:50,
2018-07-02 05:05,
2018-07-02 05:20,
2018-07-02 05:35,
2018-07-02 05:50,
2018-07-02 06:05,
2018-07-02 06:20,
2018-07-02 06:35,
2018-07-02 06:50,
2018-07-02 07:05,
2018-07-02 07:20,
2018-07-02 07:35,
2018-07-02 07:50,
2018-07-02 08:05,
2018-07-02 08:20,
2018-07-02 08:35,
2018-07-02 08:50,
2018-07-02 09:05,
2018-07-02 09:20,
2018-07-02 09:35,
2018-07-02 09:50,
2018-07-02 10:05,
2018-07-02 10:20,
2018-07-02 10:35,
2018-07-02 10:50,
2018-07-02 11:05,
2018-07-02 11:20,
2018-07-02 11:35,
2018-07-02 11:50,
2018-07-02 12:05,
2018-07-02 12:20,
2018-07-02 12:35,
2018-07-02 12:50,
2018-07-02 13:05,
2018-07-02 13:20,
2018-07-02 13:35,
2018-07-02 13:50,
2018-07-02 14:05,
2018-07-02 14:20,
2018-07-02 14:35,
2018-07-02 14:50,
2018-07-02 15:05,
2018-07-02 15:20,
2018-07-02 15:35,
2018-07-02 15:50,
2018-07-02 16:05,
2018-07-02 16:20,
2018-07-02 16:35,
2018-07-02 16:50,
2018-07-02 17:05,
2018-07-02 17:20,
2018-07-02 17:35,
2018-07-02 17:50,
2018-07-02 18:05,
2018-07-02 18:20,
2018-07-02 18:35,
2018-07-02 18:50,
2018-07-02 19:05,
2018-07-02 19:20,
2018-07-02 19:35,
2018-07-02 19:50,
2018-07-02 20:05,
2018-07-02 20:20,
2018-07-02 20:35,
2018-07-02 20:50,
2018-07-02 21:05,
2018-07-02 21:20,
2018-07-02 21:35,
2018-07-02 21:50,
2018-07-02 22:05,
2018-07-02 22:20,
2018-07-02 22:35,
2018-07-02 22:50,
2018-07-02 23:05,
2018-07-02 23:20,
2018-07-02 23:35,
2018-07-02 23:50,
2018-07-03 00:05,
2018-07-03 00:20,
2018-07-03 00:35,
2018-07-03 00:50,
2018-07-03 01:05,
2018-07-03 01:20,
2018-07-03 01:35,
2018-07-03 01:50,
2018-07-03 02:05,
2018-07-03 02:20,
2018-07-03 02:35,
2018-07-03 02:50,
2018-07-03 03:05,
2018-07-03 03:20,
2018-07-03 03:35,
2018-07-03 03:50,
2018-07-03 04:05,
2018-07-03 04:20,
2018-07-03 04:35,
2018-07-03 04:50,
2018-07-03 05:05,
2018-07-03 05:20,
2018-07-03 05:35,
2018-07-03 05:50,
2018-07-03 06:05,
2018-07-03 06:20,
2018-07-03 06:35,
2018-07-03 06:50,
2018-07-03 07:05,
2018-07-03 07:20,
2018-07-03 07:35,
2018-07-03 07:50,
2018-07-03 08:05,
2018-07-03 08:20,
2018-07-03 08:35,
2018-07-03 08:50,
2018-07-03 09:05,
2018-07-03 09:20,
2018-07-03 09:35,
2018-07-03 09:50,
2018-07-03 10:05,
2018-07-03 10:20,
2018-07-03 10:35,
2018-07-03 10:50,
2018-07-03 11:05,
2018-07-03 11:20,
2018-07-03 11:35,
2018-07-03 11:50,
2018-07-03 12:05,
2018-07-03 12:20,
2018-07-03 12:35,
2018-07-03 12:50,
2018-07-03 13:05,
2018-07-03 13:20,
2018-07-03 13:35,
2018-07-03 13:50,
2018-07-03 14:05,
2018-07-03 14:20,
2018-07-03 14:35,
2018-07-03 14:50,
2018-07-03 15:05,
2018-07-03 15:20,
2018-07-03 15:35,
2018-07-03 15:50,
2018-07-03 16:05,
2018-07-03 16:20,
2018-07-03 16:35,
2018-07-03 16:50,
2018-07-03 17:05,
2018-07-03 17:20,
2018-07-03 17:35,
2018-07-03 17:50,
2018-07-03 18:05,
2018-07-03 18:20,
2018-07-03 18:35,
2018-07-03 18:50,
2018-07-03 19:05,
2018-07-03 19:20,
2018-07-03 19:35,
2018-07-03 19:50,
2018-07-03 20:05,
2018-07-03 20:20,
2018-07-03 20:35,
2018-07-03 20:50,
2018-07-03 21:05,
2018-07-03 21:20,
2018-07-03 21:35,
2018-07-03 21:50,
2018-07-03 22:05,
2018-07-03 22:20,
2018-07-03 22:35,
2018-07-03 22:50,
2018-07-03 23:05,
2018-07-03 23:20,
2018-07-03 23:35,
2018-07-03 23:50,
2018-07-04 00:05,
2018-07-04 00:20,
2018-07-04 00:35,
2018-07-04 00:50,
2018-07-04 01:05,
2018-07-04 01:20,
2018-07-04 01:35,
2018-07-04 01:50,
2018-07-04 02:05,
2018-07-04 02:20,
2018-07-04 02:35,
2018-07-04 02:50,
2018-07-04 03:05,
2018-07-04 03:20,
2018-07-04 03:35,
2018-07-04 03:50,
2018-07-04 04:05,
2018-07-04 04:20,
2018-07-04 04:35,
2018-07-04 04:50,
2018-07-04 05:05,
2018-07-04 05:20,
2018-07-04 05:35,
2018-07-04 05:50,
2018-07-04 06:05,
2018-07-04 06:20,
2018-07-04 06:35,
2018-07-04 06:50,
2018-07-04 07:05,
2018-07-04 07:20,
2018-07-04 07:35,
2018-07-04 07:50,
2018-07-04 08:05,
2018-07-04 08:20,
2018-07-04 08:35,
2018-07-04 08:50,
2018-07-04 09:05,
2018-07-04 09:20,
2018-07-04 09:35,
2018-07-04 09:50,
2018-07-04 10:05,
2018-07-04 10:20,
2018-07-04 10:35,
2018-07-04 10:50,
2018-07-04 11:05,
2018-07-04 11:20,
2018-07-04 11:35,
2018-07-04 11:50,
2018-07-04 12:05,
2018-07-04 12:20,
2018-07-04 12:35,
2018-07-04 12:50,
2018-07-04 13:05,
2018-07-04 13:20,
2018-07-04 13:35,
2018-07-04 13:50,
2018-07-04 14:05,
2018-07-04 14:20,
2018-07-04 14:35,
2018-07-04 14:50,
2018-07-04 15:05,
2018-07-04 15:20,
2018-07-04 15:35,
2018-07-04 15:50,
2018-07-04 16:05,
2018-07-04 16:20,
2018-07-04 16:35,
2018-07-04 16:50,
2018-07-04 17:05,
2018-07-04 17:20,
2018-07-04 17:35,
2018-07-04 17:50,
2018-07-04 18:05,
2018-07-04 18:20,
2018-07-04 18:35,
2018-07-04 18:50,
2018-07-04 19:05,
2018-07-04 19:20,
2018-07-04 19:35,
2018-07-04 19:50,
2018-07-04 20:05,
2018-07-04 20:20,
2018-07-04 20:35,
2018-07-04 20:50,
2018-07-04 21:05,
2018-07-04 21:20,
2018-07-04 21:35,
2018-07-04 21:50,
2018-07-04 22:05,
2018-07-04 22:20,
2018-07-04 22:35,
2018-07-04 22:50,
2018-07-04 23:05,
2018-07-04 23:20,
2018-07-04 23:35,
2018-07-04 23:50,
2018-07-05 00:05,
2018-07-05 00:20,
2018-07-05 00:35,
2018-07-05 00:50,
2018-07-05 01:05,
2018-07-05 01:20,
2018-07-05 01:35,
2018-07-05 01:50,
2018-07-05 02:05,
2018-07-05 02:20,
2018-07-05 02:35,
2018-07-05 02:50,
2018-07-05 03:05,
2018-07-05 03:20,
2018-07-05 03:35,
2018-07-05 03:50,
2018-07-05 04:05,
2018-07-05 04:20,
2018-07-05 04:35,
2018-07-05 04:50,
2018-07-05 05:05,
2018-07-05 05:20,
2018-07-05 05:35,
2018-07-05 05:50,
2018-07-05 06:05,
2018-07-05 06:20,
2018-07-05 06:35,
2018-07-05 06:50,
2018-07-05 07:05,
2018-07-05 07:20,
2018-07-05 07:35,
2018-07-05 07:50,
2018-07-05 08:05,
2018-07-05 08:20,
2018-07-05 08:35,
2018-07-05 08:50,
2018-07-05 09:05,
2018-07-05 09:20,
2018-07-05 09:35,
2018-07-05 09:50,
2018-07-05 10:05,
2018-07-05 10:20,
2018-07-05 10:35,
2018-07-05 10:50,
2018-07-05 11:05,
2018-07-05 11:20,
2018-07-05 11:35,
2018-07-05 11:50,
2018-07-05 12:05,
2018-07-05 12:20,
2018-07-05 12:35,
2018-07-05 12:50,
2018-07-05 13:05,
2018-07-05 13:20,
2018-07-05 13:35,
2018-07-05 13:50,
2018-07-05 14:05,
2018-07-05 14:20,
2018-07-05 14:35,
2018-07-05 14:50,
2018-07-05 15:05,
2018-07-05 15:20,
2018-07-05 15:35,
2018-07-05 15:50,
2018-07-05 16:05,
2018-07-05 16:20,
2018-07-05 16:35,
2018-07-05 16:50,
2018-07-05 17:05,
2018-07-05 17:20,
2018-07-05 17:35,
2018-07-05 17:50,
2018-07-05 18:05,
2018-07-05 18:20,
2018-07-05 18:35,
2018-07-05 18:50,
2018-07-05 19:05,
2018-07-05 19:20,
2018-07-05 19:35,
2018-07-05 19:50,
2018-07-05 20:05,
2018-07-05 20:20,
2018-07-05 20:35,
2018-07-05 20:50,
2018-07-05 21:05,
2018-07-05 21:20,
2018-07-05 21:35,
2018-07-05 21:50,
2018-07-05 22:05,
2018-07-05 22:20,
2018-07-05 22:35,
2018-07-05 22:50,
2018-07-05 23:05,
2018-07-05 23:20,
2018-07-05 23:35,
2018-07-05 23:50,
2018-07-06 00:05,
2018-07-06 00:20,
2018-07-06 00:35,
2018-07-06 00:50,
2018-07-06 01:05,
2018-07-06 01:20,
2018-07-06 01:35,
2018-07-06 01:50,
2018-07-06 02:05,
2018-07-06 02:20,
2018-07-06 02:35,
2018-07-06 02:50,
2018-07-06 03:05,
2018-07-06 03:20,
2018-07-06 03:35,
2018-07-06 03:50,
2018-07-06 04:05,
2018-07-06 04:20,
2018-07-06 04:35,
2018-07-06 04:50,
2018-07-06 05:05,
2018-07-06 05:20,
2018-07-06 05:35,
2018-07-06 05:50,
2018-07-06 06:05,
2018-07-06 06:20,
2018-07-06 06:35,
2018-07-06 06:50,
2018-07-06 07:05,
2018-07-06 07:20,
2018-07-06 07:35,
2018-07-06 07:50,
2018-07-06 08:05,
2018-07-06 08:20,
2018-07-06 08:35,
2018-07-06 08:50,
2018-07-06 09:05,
2018-07-06 09:20,
2018-07-06 09:35,
2018-07-06 09:50,
2018-07-06 10:05,
2018-07-06 10:20,
2018-07-06 10:35,
2018-07-06 10:50,
2018-07-06 11:05,
2018-07-06 11:20,
2018-07-06 11:35,
2018-07-06 11:50,
2018-07-06 12:05,
2018-07-06 12:20,
2018-07-06 12:35,
2018-07-06 12:50,
2018-07-06 13:05,
2018-07-06 13:20,
2018-07-06 13:35,
2018-07-06 13:50,
2018-07-06 14:05,
2018-07-06 14:20,
2018-07-06 14:35,
2018-07-06 14:50,
2018-07-06 15:05,
2018-07-06 15:20,
2018-07-06 15:35,
2018-07-06 15:50,
2018-07-06 16:05,
2018-07-06 16:20,
2018-07-06 16:35,
2018-07-06 16:50,
2018-07-06 17:05,
2018-07-06 17:20,
2018-07-06 17:35,
2018-07-06 17:50,
2018-07-06 18:05,
2018-07-06 18:20,
2018-07-06 18:35,
2018-07-06 18:50,
2018-07-06 19:05,
2018-07-06 19:20,
2018-07-06 19:35,
2018-07-06 19:50,
2018-07-06 20:05,
2018-07-06 20:20,
2018-07-06 20:35,
2018-07-06 20:50,
2018-07-06 21:05,
2018-07-06 21:20,
2018-07-06 21:35,
2018-07-06 21:50,
2018-07-06 22:05,
2018-07-06 22:20,
2018-07-06 22:35,
2018-07-06 22:50,
2018-07-06 23:05,
2018-07-06 23:20,
2018-07-06 23:35,
2018-07-06 23:50,
2018-07-07 00:05,
2018-07-07 00:20,
2018-07-07 00:35,
2018-07-07 00:50,
2018-07-07 01:05,
2018-07-07 01:20,
2018-07-07 01:35,
2018-07-07 01:50,
2018-07-07 02:05,
2018-07-07 02:20,
2018-07-07 02:35,
2018-07-07 02:50,
2018-07-07 03:05,
2018-07-07 03:20,
2018-07-07 03:35,
2018-07-07 03:50,
2018-07-07 04:05,
2018-07-07 04:20,
2018-07-07 04:35,
2018-07-07 04:50,
2018-07-07 05:05,
2018-07-07 05:20,
2018-07-07 05:35,
2018-07-07 05:50,
2018-07-07 06:05,
2018-07-07 06:20,
2018-07-07 06:35,
2018-07-07 06:50,
2018-07-07 07:05,
2018-07-07 07:20,
2018-07-07 07:35,
2018-07-07 07:50,
2018-07-07 08:05,
2018-07-07 08:20,
2018-07-07 08:35,
2018-07-07 08:50,
2018-07-07 09:05,
2018-07-07 09:20,
2018-07-07 09:35,
2018-07-07 09:50,
2018-07-07 10:05,
2018-07-07 10:20,
2018-07-07 10:35,
2018-07-07 10:50,
2018-07-07 11:05,
2018-07-07 11:20,
2018-07-07 11:35,
2018-07-07 11:50,
2018-07-07 12:05,
2018-07-07 12:20,
2018-07-07 12:35,
2018-07-07 12:50,
2018-07-07 13:05,
2018-07-07 13:20,
2018-07-07 13:35,
2018-07-07 13:50,
2018-07-07 14:05,
2018-07-07 14:20,
2018-07-07 14:35,
2018-07-07 14:50,
2018-07-07 15:05,
2018-07-07 15:20,
2018-07-07 15:35,
2018-07-07 15:50,
2018-07-07 16:05,
2018-07-07 16:20,
2018-07-07 16:35,
2018-07-07 16:50,
2018-07-07 17:05,
2018-07-07 17:20,
2018-07-07 17:35,
2018-07-07 17:50,
2018-07-07 18:05,
2018-07-07 18:20,
2018-07-07 18:35,
2018-07-07 18:50,
2018-07-07 19:05,
2018-07-07 19:20,
2018-07-07 19:35,
2018-07-07 19:50,
2018-07-07 20:05,
2018-07-07 20:20,
2018-07-07 20:35,
2018-07-07 20:50,
2018-07-07 21:05,
2018-07-07 21:20,
2018-07-07 21:35,
2018-07-07 21:50,
2018-07-07 22:05,
2018-07-07 22:20,
2018-07-07 22:35,
2018-07-07 22:50,
2018-07-07 23:05,
2018-07-07 23:20,
2018-07-07 23:35,
2018-07-07 23:50,
2018-07-08 00:05,
2018-07-08 00:20,
2018-07-08 00:35,
2018-07-08 00:50,
2018-07-08 01:05,
2018-07-08 01:20,
2018-07-08 01:35,
2018-07-08 01:50,
2018-07-08 02:05,
2018-07-08 02:20,
2018-07-08 02:35,
2018-07-08 02:50,
2018-07-08 03:05,
2018-07-08 03:20,
2018-07-08 03:35,
2018-07-08 03:50,
2018-07-08 04:05,
2018-07-08 04:20,
2018-07-08 04:35,
2018-07-08 04:50,
2018-07-08 05:05,
2018-07-08 05:20,
2018-07-08 05:35,
2018-07-08 05:50,
2018-07-08 06:05,
2018-07-08 06:20,
2018-07-08 06:35,
2018-07-08 06:50,
2018-07-08 07:05,
2018-07-08 07:20,
2018-07-08 07:35,
2018-07-08 07:50,
2018-07-08 08:05,
2018-07-08 08:20,
2018-07-08 08:35,
2018-07-08 08:50,
2018-07-08 09:05,
2018-07-08 09:20,
2018-07-08 09:35,
2018-07-08 09:50,
2018-07-08 10:05,
2018-07-08 10:20,
2018-07-08 10:35,
2018-07-08 10:50,
2018-07-08 11:05,
2018-07-08 11:20,
2018-07-08 11:35,
2018-07-08 11:50,
2018-07-08 12:05,
2018-07-08 12:20,
2018-07-08 12:35,
2018-07-08 12:50,
2018-07-08 13:05,
2018-07-08 13:20,
2018-07-08 13:35,
2018-07-08 13:50,
2018-07-08 14:05,
2018-07-08 14:20,
2018-07-08 14:35,
2018-07-08 14:50,
2018-07-08 15:05,
2018-07-08 15:20,
2018-07-08 15:35,
2018-07-08 15:50,
2018-07-08 16:05,
2018-07-08 16:20,
2018-07-08 16:35,
2018-07-08 16:50,
2018-07-08 17:05,
2018-07-08 17:20,
2018-07-08 17:35,
2018-07-08 17:50,
2018-07-08 18:05,
2018-07-08 18:20,
2018-07-08 18:35,
2018-07-08 18:50,
2018-07-08 19:05,
2018-07-08 19:20,
2018-07-08 19:35,
2018-07-08 19:50,
2018-07-08 20:05,
2018-07-08 20:20,
2018-07-08 20:35,
2018-07-08 20:50,
2018-07-08 21:05,
2018-07-08 21:20,
2018-07-08 21:35,
2018-07-08 21:50,
2018-07-08 22:05,
2018-07-08 22:20,
2018-07-08 22:35,
2018-07-08 22:50,
2018-07-08 23:05,
2018-07-08 23:20,
2018-07-08 23:35,
2018-07-08 23:50,
2018-07-09 00:05,
2018-07-09 00:20,
2018-07-09 00:35,
2018-07-09 00:50,
2018-07-09 01:05,
2018-07-09 01:20,
2018-07-09 01:35,
2018-07-09 01:50,
2018-07-09 02:05,
2018-07-09 02:20,
2018-07-09 02:35,
2018-07-09 02:50,
2018-07-09 03:05,
2018-07-09 03:20,
2018-07-09 03:35,
2018-07-09 03:50,
2018-07-09 04:05,
2018-07-09 04:20,
2018-07-09 04:35,
2018-07-09 04:50,
2018-07-09 05:05,
2018-07-09 05:20,
2018-07-09 05:35,
2018-07-09 05:50,
2018-07-09 06:05,
2018-07-09 06:20,
2018-07-09 06:35,
2018-07-09 06:50,
2018-07-09 07:05,
2018-07-09 07:20,
2018-07-09 07:35,
2018-07-09 07:50,
2018-07-09 08:05,
2018-07-09 08:20,
2018-07-09 08:35,
2018-07-09 08:50,
2018-07-09 09:05,
2018-07-09 09:20,
2018-07-09 09:35,
2018-07-09 09:50,
2018-07-09 10:05,
2018-07-09 10:20,
2018-07-09 10:35,
2018-07-09 10:50,
2018-07-09 11:05,
2018-07-09 11:20,
2018-07-09 11:35,
2018-07-09 11:50,
2018-07-09 12:05,
2018-07-09 12:20,
2018-07-09 12:35,
2018-07-09 12:50,
2018-07-09 13:05,
2018-07-09 13:20,
2018-07-09 13:35,
2018-07-09 13:50,
2018-07-09 14:05,
2018-07-09 14:20,
2018-07-09 14:35,
2018-07-09 14:50,
2018-07-09 15:05,
2018-07-09 15:20,
2018-07-09 15:35,
2018-07-09 15:50,
2018-07-09 16:05,
2018-07-09 16:20,
2018-07-09 16:35,
2018-07-09 16:50,
2018-07-09 17:05,
2018-07-09 17:20,
2018-07-09 17:35,
2018-07-09 17:50,
2018-07-09 18:05,
2018-07-09 18:20,
2018-07-09 18:35,
2018-07-09 18:50,
2018-07-09 19:05,
2018-07-09 19:20,
2018-07-09 19:35,
2018-07-09 19:50,
2018-07-09 20:05,
2018-07-09 20:20,
2018-07-09 20:35,
2018-07-09 20:50,
2018-07-09 21:05,
2018-07-09 21:20,
2018-07-09 21:35,
2018-07-09 21:50,
2018-07-09 22:05,
2018-07-09 22:20,
2018-07-09 22:35,
2018-07-09 22:50,
2018-07-09 23:05,
2018-07-09 23:20,
2018-07-09 23:35,
2018-07-09 23:50,